,playlist_name,playlist_uri,playlist_tracks_url,playlist_num_tracks,snapshot_id,playlist_img,track_name,track_uri,artist_name,album_name,album_img,track_added_at,track_popularity,track_preview_url,track_open_spotify_url,danceability,energy,key,loudness,mode,speechiness,acousticness,instrumentalness,liveness,valence,tempo,duration_ms,time_signature,key_mode
1,Singled Out,37i9dQZF1DX8f6LHxMjnzD,https://api.spotify.com/v1/playlists/37i9dQZF1DX8f6LHxMjnzD/tracks?offset=0&limit=100,30,MTUzNzM1MDE2NCwwMDAwMDBiOTAwMDAwMTY1ZTljYzg3MDkwMDAwMDE2NWU4OWUwMjQw,https://i.scdn.co/image/354726978b97281c2c458496dfe5670757761bb2,Burn Out (feat. Dewain Whitmore),7IWTIkiWGWNQyYfOLdMrGD,Martin Garrix,Burn Out (feat. Dewain Whitmore),https://i.scdn.co/image/2fe16fb136a668cbe267583580eac0d228692c33,2018-09-17 23:10:19,74,https://p.scdn.co/mp3-preview/780e52f3d279615302d44fe723bef8c25ebfe1b1?cid=4779f4871cbc4c8fa6901a12c5b203ac,https://open.spotify.com/track/7IWTIkiWGWNQyYfOLdMrGD,0.594,0.722,E,-5.751,minor,0.0398,0.0156,0,0.0667,0.407,127.877,200322,4,E minor
2,Singled Out,37i9dQZF1DX8f6LHxMjnzD,https://api.spotify.com/v1/playlists/37i9dQZF1DX8f6LHxMjnzD/tracks?offset=0&limit=100,30,MTUzNzM1MDE2NCwwMDAwMDBiOTAwMDAwMTY1ZTljYzg3MDkwMDAwMDE2NWU4OWUwMjQw,https://i.scdn.co/image/354726978b97281c2c458496dfe5670757761bb2,Better,4T3fNx3CgwDRRYgmFCbD4J,Khalid,Better,https://i.scdn.co/image/e5e391544580212082376a399d65f2ba0c9a63fa,2018-09-17 23:10:19,78,https://p.scdn.co/mp3-preview/8177b402d2016ff5e4cca8e5e45e214abca5b2e3?cid=4779f4871cbc4c8fa6901a12c5b203ac,https://open.spotify.com/track/4T3fNx3CgwDRRYgmFCbD4J,0.442,0.585,C,-10.332,minor,0.0964,0.0984,0.391,0.14,0.116,97.565,229413,4,C minor
3,Singled Out,37i9dQZF1DX8f6LHxMjnzD,https://api.spotify.com/v1/playlists/37i9dQZF1DX8f6LHxMjnzD/tracks?offset=0&limit=100,30,MTUzNzM1MDE2NCwwMDAwMDBiOTAwMDAwMTY1ZTljYzg3MDkwMDAwMDE2NWU4OWUwMjQw,https://i.scdn.co/image/354726978b97281c2c458496dfe5670757761bb2,Say My Name,3MoV1UsAJmz64LHqyiRMp0,David Guetta,7,https://i.scdn.co/image/eea5b1f4f2f61ce2aca63bb53b25455d311a0c16,2018-09-17 23:10:19,68,https://p.scdn.co/mp3-preview/89e0ed2f21273e777832d67de4851c8137ee5c8d?cid=4779f4871cbc4c8fa6901a12c5b203ac,https://open.spotify.com/track/3MoV1UsAJmz64LHqyiRMp0,0.703,0.66,A#,-5.119,minor,0.123,0.137,0,0.192,0.79,95.031,198947,4,A# minor
4,Singled Out,37i9dQZF1DX8f6LHxMjnzD,https://api.spotify.com/v1/playlists/37i9dQZF1DX8f6LHxMjnzD/tracks?offset=0&limit=100,30,MTUzNzM1MDE2NCwwMDAwMDBiOTAwMDAwMTY1ZTljYzg3MDkwMDAwMDE2NWU4OWUwMjQw,https://i.scdn.co/image/354726978b97281c2c458496dfe5670757761bb2,Wake Up in the Sky,0QIjsbm2fh1cJ45XO9eGqq,Gucci Mane,Wake Up in the Sky,https://i.scdn.co/image/cec9da90c10cd8c509ecf9d6761594b311272e08,2018-09-17 23:10:19,81,https://p.scdn.co/mp3-preview/43ece6da1fe67dc3a5f44ca967fec62e918ce69d?cid=4779f4871cbc4c8fa6901a12c5b203ac,https://open.spotify.com/track/0QIjsbm2fh1cJ45XO9eGqq,0.8,0.578,E,-5.144,minor,0.0485,0.00381,0,0.359,0.367,143.01,204665,4,E minor
5,Singled Out,37i9dQZF1DX8f6LHxMjnzD,https://api.spotify.com/v1/playlists/37i9dQZF1DX8f6LHxMjnzD/tracks?offset=0&limit=100,30,MTUzNzM1MDE2NCwwMDAwMDBiOTAwMDAwMTY1ZTljYzg3MDkwMDAwMDE2NWU4OWUwMjQw,https://i.scdn.co/image/354726978b97281c2c458496dfe5670757761bb2,Mariners Apartment Complex,4UAW2gObi5o6sJla0qZpPn,Lana Del Rey,Mariners Apartment Complex,https://i.scdn.co/image/2b3c20439a39018d0c6e0dbd7d380df21fb64501,2018-09-17 23:10:19,76,NA,https://open.spotify.com/track/4UAW2gObi5o6sJla0qZpPn,0.528,0.284,A,-11.487,major,0.0287,0.795,0.000303,0.109,0.172,76.012,246421,4,A major
6,Singled Out,37i9dQZF1DX8f6LHxMjnzD,https://api.spotify.com/v1/playlists/37i9dQZF1DX8f6LHxMjnzD/tracks?offset=0&limit=100,30,MTUzNzM1MDE2NCwwMDAwMDBiOTAwMDAwMTY1ZTljYzg3MDkwMDAwMDE2NWU4OWUwMjQw,https://i.scdn.co/image/354726978b97281c2c458496dfe5670757761bb2,All My Life (feat. Burna Boy),2mEX6b81sYqgfmLrhLOm7l,Major Lazer,All My Life (feat. Burna Boy),https://i.scdn.co/image/c0e86100a60e56a890fbdb17c257b08516561b9a,2018-09-17 23:10:19,37,https://p.scdn.co/mp3-preview/75a6d9e4a241b870f3c2bedbbeb228482a83cbc7?cid=4779f4871cbc4c8fa6901a12c5b203ac,https://open.spotify.com/track/2mEX6b81sYqgfmLrhLOm7l,0.428,0.904,F,-4.189,major,0.261,0.0404,4.1E-06,0.0754,0.834,199.869,174000,4,F major
7,Singled Out,37i9dQZF1DX8f6LHxMjnzD,https://api.spotify.com/v1/playlists/37i9dQZF1DX8f6LHxMjnzD/tracks?offset=0&limit=100,30,MTUzNzM1MDE2NCwwMDAwMDBiOTAwMDAwMTY1ZTljYzg3MDkwMDAwMDE2NWU4OWUwMjQw,https://i.scdn.co/image/354726978b97281c2c458496dfe5670757761bb2,Just Wanna Love You (feat. J. Balvin),3d0j5Tkx2Yum7FhMvJZe85,Cris Cab,Just Wanna Love You (feat. J. Balvin),https://i.scdn.co/image/8a0306aba22e4c8754dff1ba3f6d00fadded3d77,2018-09-17 23:10:19,63,https://p.scdn.co/mp3-preview/f36d7e8cd8ead9192711630944ce1397bbc30d0d?cid=4779f4871cbc4c8fa6901a12c5b203ac,https://open.spotify.com/track/3d0j5Tkx2Yum7FhMvJZe85,0.687,0.766,B,-6.08,major,0.054,0.0557,0.00107,0.146,0.303,94.973,199231,4,B major
8,Singled Out,37i9dQZF1DX8f6LHxMjnzD,https://api.spotify.com/v1/playlists/37i9dQZF1DX8f6LHxMjnzD/tracks?offset=0&limit=100,30,MTUzNzM1MDE2NCwwMDAwMDBiOTAwMDAwMTY1ZTljYzg3MDkwMDAwMDE2NWU4OWUwMjQw,https://i.scdn.co/image/354726978b97281c2c458496dfe5670757761bb2,Thick And Thin,7qIICzwgm3eu1Ic3ufPGJf,LANY,TAT / IDWLYA / TTT,https://i.scdn.co/image/aa3212180ea8948455098538e6be00f8d4e7dc15,2018-09-17 23:10:19,70,NA,https://open.spotify.com/track/7qIICzwgm3eu1Ic3ufPGJf,0.686,0.564,F,-6.063,minor,0.03,0.0599,0,0.0914,0.266,99.968,212429,4,F minor
9,Singled Out,37i9dQZF1DX8f6LHxMjnzD,https://api.spotify.com/v1/playlists/37i9dQZF1DX8f6LHxMjnzD/tracks?offset=0&limit=100,30,MTUzNzM1MDE2NCwwMDAwMDBiOTAwMDAwMTY1ZTljYzg3MDkwMDAwMDE2NWU4OWUwMjQw,https://i.scdn.co/image/354726978b97281c2c458496dfe5670757761bb2,"Survive (feat. Emeli Sand�, Gucci Mane)",0ZK4SbP0mgjTlvLiSBbhsd,Don Diablo,"Survive (feat. Emeli Sand�, Gucci Mane)",https://i.scdn.co/image/122833a45aaed54cb2cc582789829a269e554c87,2018-09-17 23:10:19,67,NA,https://open.spotify.com/track/0ZK4SbP0mgjTlvLiSBbhsd,0.652,0.806,A#,-5.546,minor,0.151,0.732,1.01E-05,0.11,0.357,99.907,189515,4,A# minor
10,Singled Out,37i9dQZF1DX8f6LHxMjnzD,https://api.spotify.com/v1/playlists/37i9dQZF1DX8f6LHxMjnzD/tracks?offset=0&limit=100,30,MTUzNzM1MDE2NCwwMDAwMDBiOTAwMDAwMTY1ZTljYzg3MDkwMDAwMDE2NWU4OWUwMjQw,https://i.scdn.co/image/354726978b97281c2c458496dfe5670757761bb2,Sincerity Is Scary,06Vthiq8nNDuT5nOcch535,The 1975,Sincerity Is Scary,https://i.scdn.co/image/dbbc02c045b2fa3255870bfa6e8f9cbcb17356c0,2018-09-17 23:10:19,71,NA,https://open.spotify.com/track/06Vthiq8nNDuT5nOcch535,0.664,0.524,D,-5.178,major,0.0283,0.0495,8.18E-06,0.075,0.475,91.027,225956,4,D major
11,Singled Out,37i9dQZF1DX8f6LHxMjnzD,https://api.spotify.com/v1/playlists/37i9dQZF1DX8f6LHxMjnzD/tracks?offset=0&limit=100,30,MTUzNzM1MDE2NCwwMDAwMDBiOTAwMDAwMTY1ZTljYzg3MDkwMDAwMDE2NWU4OWUwMjQw,https://i.scdn.co/image/354726978b97281c2c458496dfe5670757761bb2,Like I Love You (feat. The NGHBRS),1S2j2geEjAkd16ZVsRtGBs,Lost Frequencies,Like I Love You (feat. The NGHBRS),https://i.scdn.co/image/8ca68aa1ece29cd6e6515a84d7b231fcb49bc03d,2018-09-17 23:10:19,39,https://p.scdn.co/mp3-preview/924e366ee6b2ded7452c03af0a2555ed53242420?cid=4779f4871cbc4c8fa6901a12c5b203ac,https://open.spotify.com/track/1S2j2geEjAkd16ZVsRtGBs,0.863,0.588,C#,-7.141,major,0.0847,0.142,3.42E-05,0.457,0.751,117.911,190174,4,C# major
12,Singled Out,37i9dQZF1DX8f6LHxMjnzD,https://api.spotify.com/v1/playlists/37i9dQZF1DX8f6LHxMjnzD/tracks?offset=0&limit=100,30,MTUzNzM1MDE2NCwwMDAwMDBiOTAwMDAwMTY1ZTljYzg3MDkwMDAwMDE2NWU4OWUwMjQw,https://i.scdn.co/image/354726978b97281c2c458496dfe5670757761bb2,No Drama (feat. Craig David),6IIOcnq93QAaKeRX1cs16v,James Hype,No Drama (feat. Craig David),https://i.scdn.co/image/4b9bbe2fc45ea65f551adc8fc6a45b5e850edcdf,2018-09-17 23:10:19,62,https://p.scdn.co/mp3-preview/826dc1164c4642ac77e6a074b7db3911d4722072?cid=4779f4871cbc4c8fa6901a12c5b203ac,https://open.spotify.com/track/6IIOcnq93QAaKeRX1cs16v,0.73,0.934,E,-3.995,major,0.078,0.168,2.56E-05,0.142,0.758,122.018,153310,4,E major
13,Singled Out,37i9dQZF1DX8f6LHxMjnzD,https://api.spotify.com/v1/playlists/37i9dQZF1DX8f6LHxMjnzD/tracks?offset=0&limit=100,30,MTUzNzM1MDE2NCwwMDAwMDBiOTAwMDAwMTY1ZTljYzg3MDkwMDAwMDE2NWU4OWUwMjQw,https://i.scdn.co/image/354726978b97281c2c458496dfe5670757761bb2,Canceled,3TOfcOKNuu6ZPZXJie5msH,Bryson Tiller,Canceled,https://i.scdn.co/image/7a3fe9ea7cbc70a4b2d98286a2c761c567aee5f4,2018-09-17 23:10:19,66,https://p.scdn.co/mp3-preview/ba0c137a8e4b96b0f41f0924fa1ab2e34cfef8f2?cid=4779f4871cbc4c8fa6901a12c5b203ac,https://open.spotify.com/track/3TOfcOKNuu6ZPZXJie5msH,0.767,0.611,F,-5.173,minor,0.0983,0.157,0.0116,0.0836,0.11,94.034,183960,4,F minor
14,Singled Out,37i9dQZF1DX8f6LHxMjnzD,https://api.spotify.com/v1/playlists/37i9dQZF1DX8f6LHxMjnzD/tracks?offset=0&limit=100,30,MTUzNzM1MDE2NCwwMDAwMDBiOTAwMDAwMTY1ZTljYzg3MDkwMDAwMDE2NWU4OWUwMjQw,https://i.scdn.co/image/354726978b97281c2c458496dfe5670757761bb2,BIG LOVE,0b7ilDLShQaEBvTeoVVyS8,The Black Eyed Peas,BIG LOVE,https://i.scdn.co/image/7e80e44375a6738c225ef898e2fbda1544a2ba8d,2018-09-17 23:10:19,64,NA,https://open.spotify.com/track/0b7ilDLShQaEBvTeoVVyS8,0.759,0.455,G,-10.319,major,0.0457,0.0488,0.0134,0.25,0.134,92.02,277174,4,G major
15,Singled Out,37i9dQZF1DX8f6LHxMjnzD,https://api.spotify.com/v1/playlists/37i9dQZF1DX8f6LHxMjnzD/tracks?offset=0&limit=100,30,MTUzNzM1MDE2NCwwMDAwMDBiOTAwMDAwMTY1ZTljYzg3MDkwMDAwMDE2NWU4OWUwMjQw,https://i.scdn.co/image/354726978b97281c2c458496dfe5670757761bb2,Stole Your Car,1MTanOR2Kts7au3HtM0nez,Charlotte Lawrence,Stole Your Car,https://i.scdn.co/image/6aa35bda02ea93db5e4a8a5a28534d5c384f8256,2018-09-17 23:10:19,60,https://p.scdn.co/mp3-preview/bb3ebc58af5c38994f23e404619e5089ec4baf6f?cid=4779f4871cbc4c8fa6901a12c5b203ac,https://open.spotify.com/track/1MTanOR2Kts7au3HtM0nez,0.659,0.712,G,-5.61,minor,0.0782,0.0729,3.04E-05,0.367,0.202,101.034,215786,4,G minor
16,Singled Out,37i9dQZF1DX8f6LHxMjnzD,https://api.spotify.com/v1/playlists/37i9dQZF1DX8f6LHxMjnzD/tracks?offset=0&limit=100,30,MTUzNzM1MDE2NCwwMDAwMDBiOTAwMDAwMTY1ZTljYzg3MDkwMDAwMDE2NWU4OWUwMjQw,https://i.scdn.co/image/354726978b97281c2c458496dfe5670757761bb2,Pretty Little Fears (feat. J. Cole),4at3d5QWnlibMVN75ECDrp,6LACK,East Atlanta Love Letter,https://i.scdn.co/image/19b263b0ecfd34efd624df40e696f2aaed6d3705,2018-09-17 23:10:19,75,NA,https://open.spotify.com/track/4at3d5QWnlibMVN75ECDrp,0.611,0.466,A,-11.361,major,0.372,0.711,0.000264,0.0847,0.223,192.08,240342,4,A major
17,Singled Out,37i9dQZF1DX8f6LHxMjnzD,https://api.spotify.com/v1/playlists/37i9dQZF1DX8f6LHxMjnzD/tracks?offset=0&limit=100,30,MTUzNzM1MDE2NCwwMDAwMDBiOTAwMDAwMTY1ZTljYzg3MDkwMDAwMDE2NWU4OWUwMjQw,https://i.scdn.co/image/354726978b97281c2c458496dfe5670757761bb2,Rewind,3jjj9bdY7bYWZaaWPwmOpj,G-Eazy,Rewind,https://i.scdn.co/image/8736ea5c353253d7415a34c7e7bc4f45ddff2477,2018-09-17 23:10:19,66,https://p.scdn.co/mp3-preview/3d731b1b5786672552a2d0b87b5359cc2f388d1f?cid=4779f4871cbc4c8fa6901a12c5b203ac,https://open.spotify.com/track/3jjj9bdY7bYWZaaWPwmOpj,0.6,0.769,G,-6.089,minor,0.264,0.25,0,0.109,0.491,178.081,200411,4,G minor
18,Singled Out,37i9dQZF1DX8f6LHxMjnzD,https://api.spotify.com/v1/playlists/37i9dQZF1DX8f6LHxMjnzD/tracks?offset=0&limit=100,30,MTUzNzM1MDE2NCwwMDAwMDBiOTAwMDAwMTY1ZTljYzg3MDkwMDAwMDE2NWU4OWUwMjQw,https://i.scdn.co/image/354726978b97281c2c458496dfe5670757761bb2,Be Good To Me (with Seinabo Sey),1rVTSE3hbhLucin4OI2Dlq,Jacob Banks,Be Good To Me (with Seinabo Sey),https://i.scdn.co/image/033d7268140289bf407417ec7b9329465ba8b6a8,2018-09-17 23:10:19,57,NA,https://open.spotify.com/track/1rVTSE3hbhLucin4OI2Dlq,0.505,0.42,G,-6.486,minor,0.159,0.712,6.64E-06,0.123,0.282,80.361,250281,4,G minor
19,Singled Out,37i9dQZF1DX8f6LHxMjnzD,https://api.spotify.com/v1/playlists/37i9dQZF1DX8f6LHxMjnzD/tracks?offset=0&limit=100,30,MTUzNzM1MDE2NCwwMDAwMDBiOTAwMDAwMTY1ZTljYzg3MDkwMDAwMDE2NWU4OWUwMjQw,https://i.scdn.co/image/354726978b97281c2c458496dfe5670757761bb2,Song About You,0Knc89pMAsIZbK8tor7i93,Mike Posner,Song About You,https://i.scdn.co/image/e37fc9c5406d4e138603d661841ea2ce444aba3b,2018-09-17 23:10:19,65,NA,https://open.spotify.com/track/0Knc89pMAsIZbK8tor7i93,0.585,0.82,D,-3.212,major,0.0734,0.154,6.65E-06,0.0868,0.621,174.041,190390,4,D major
20,Singled Out,37i9dQZF1DX8f6LHxMjnzD,https://api.spotify.com/v1/playlists/37i9dQZF1DX8f6LHxMjnzD/tracks?offset=0&limit=100,30,MTUzNzM1MDE2NCwwMDAwMDBiOTAwMDAwMTY1ZTljYzg3MDkwMDAwMDE2NWU4OWUwMjQw,https://i.scdn.co/image/354726978b97281c2c458496dfe5670757761bb2,Wonders,6c4MRy7KC7zmdRzLYBUqWv,Klingande,Wonders,https://i.scdn.co/image/a84234697d8e45e6ad475bf57d227fd547add68b,2018-09-17 23:10:19,53,https://p.scdn.co/mp3-preview/5ca13bc6a0729108fbba70067c8b483c64ad942c?cid=4779f4871cbc4c8fa6901a12c5b203ac,https://open.spotify.com/track/6c4MRy7KC7zmdRzLYBUqWv,0.624,0.804,G,-8.133,major,0.0428,0.00545,3.32E-06,0.0959,0.724,109.993,187636,4,G major
21,Singled Out,37i9dQZF1DX8f6LHxMjnzD,https://api.spotify.com/v1/playlists/37i9dQZF1DX8f6LHxMjnzD/tracks?offset=0&limit=100,30,MTUzNzM1MDE2NCwwMDAwMDBiOTAwMDAwMTY1ZTljYzg3MDkwMDAwMDE2NWU4OWUwMjQw,https://i.scdn.co/image/354726978b97281c2c458496dfe5670757761bb2,Us,59z0L6S0GDNCiliSk3yiX0,Clara Mae,Sorry For Writing All The Songs About You,https://i.scdn.co/image/69b1960e0f5a3c2d69ef8432a103d70b4cf7b899,2018-09-17 23:10:19,55,https://p.scdn.co/mp3-preview/22d9ce2ac21263306b786385074f7ff75f91d69d?cid=4779f4871cbc4c8fa6901a12c5b203ac,https://open.spotify.com/track/59z0L6S0GDNCiliSk3yiX0,0.573,0.584,E,-6.574,major,0.047,0.315,1.19E-06,0.109,0.0805,114.841,177069,4,E major
22,Singled Out,37i9dQZF1DX8f6LHxMjnzD,https://api.spotify.com/v1/playlists/37i9dQZF1DX8f6LHxMjnzD/tracks?offset=0&limit=100,30,MTUzNzM1MDE2NCwwMDAwMDBiOTAwMDAwMTY1ZTljYzg3MDkwMDAwMDE2NWU4OWUwMjQw,https://i.scdn.co/image/354726978b97281c2c458496dfe5670757761bb2,Wasted,72JSy2MFkMCF3gkE3dCfjH,Jesse McCartney,Wasted,https://i.scdn.co/image/4d710339bb0bb6879d69c682f91c409e9e5cfd66,2018-09-17 23:10:19,55,https://p.scdn.co/mp3-preview/b0e77252b8ec88df0a6b052b4f646fbb800a8238?cid=4779f4871cbc4c8fa6901a12c5b203ac,https://open.spotify.com/track/72JSy2MFkMCF3gkE3dCfjH,0.66,0.729,C,-5.584,major,0.0811,0.086,0,0.117,0.204,105.063,184147,4,C major
23,Singled Out,37i9dQZF1DX8f6LHxMjnzD,https://api.spotify.com/v1/playlists/37i9dQZF1DX8f6LHxMjnzD/tracks?offset=0&limit=100,30,MTUzNzM1MDE2NCwwMDAwMDBiOTAwMDAwMTY1ZTljYzg3MDkwMDAwMDE2NWU4OWUwMjQw,https://i.scdn.co/image/354726978b97281c2c458496dfe5670757761bb2,Beat 54 (All Good Now),4mYZx5bj6y9LgaTu2g5lbm,Jungle,Beat 54 (All Good Now),https://i.scdn.co/image/4a0982013880dd3b8799fac1109acaa57d3c883d,2018-09-17 23:10:19,60,https://p.scdn.co/mp3-preview/084f689329fbd94c62a35e46d4f6b871c3e18d55?cid=4779f4871cbc4c8fa6901a12c5b203ac,https://open.spotify.com/track/4mYZx5bj6y9LgaTu2g5lbm,0.646,0.695,D,-6.34,major,0.0547,0.517,0.00687,0.154,0.513,105.986,246815,4,D major
24,Singled Out,37i9dQZF1DX8f6LHxMjnzD,https://api.spotify.com/v1/playlists/37i9dQZF1DX8f6LHxMjnzD/tracks?offset=0&limit=100,30,MTUzNzM1MDE2NCwwMDAwMDBiOTAwMDAwMTY1ZTljYzg3MDkwMDAwMDE2NWU4OWUwMjQw,https://i.scdn.co/image/354726978b97281c2c458496dfe5670757761bb2,LOVISA,5nvcuQM5GFY4tmaZPVMHWM,FELIX SANDMAN,EMOTIONS,https://i.scdn.co/image/1052f917e2a199cac5700bb5b98b67413524fd38,2018-09-17 23:10:19,57,https://p.scdn.co/mp3-preview/3d63b70ada597e63c9702a8c4e0046507dd2e3f5?cid=4779f4871cbc4c8fa6901a12c5b203ac,https://open.spotify.com/track/5nvcuQM5GFY4tmaZPVMHWM,0.509,0.235,A,-13.363,major,0.0335,0.904,0,0.105,0.193,83.505,157067,3,A major
25,Singled Out,37i9dQZF1DX8f6LHxMjnzD,https://api.spotify.com/v1/playlists/37i9dQZF1DX8f6LHxMjnzD/tracks?offset=0&limit=100,30,MTUzNzM1MDE2NCwwMDAwMDBiOTAwMDAwMTY1ZTljYzg3MDkwMDAwMDE2NWU4OWUwMjQw,https://i.scdn.co/image/354726978b97281c2c458496dfe5670757761bb2,Bad,5b3auymspp8YgCB9672fbR,Lennon Stella,Bad,https://i.scdn.co/image/58077592be7aed313dd40fb7e54e8b001c6c8865,2018-09-17 23:10:19,61,https://p.scdn.co/mp3-preview/13199c021daf55dc1fe604625ad033c7534a1b05?cid=4779f4871cbc4c8fa6901a12c5b203ac,https://open.spotify.com/track/5b3auymspp8YgCB9672fbR,0.827,0.613,G#,-5.34,major,0.0621,0.366,1.25E-05,0.093,0.747,137.96,177973,4,G# major
26,Singled Out,37i9dQZF1DX8f6LHxMjnzD,https://api.spotify.com/v1/playlists/37i9dQZF1DX8f6LHxMjnzD/tracks?offset=0&limit=100,30,MTUzNzM1MDE2NCwwMDAwMDBiOTAwMDAwMTY1ZTljYzg3MDkwMDAwMDE2NWU4OWUwMjQw,https://i.scdn.co/image/354726978b97281c2c458496dfe5670757761bb2,4am,5d5ycUFRQo1yj50wsfkB7g,Dan Caplen,4am,https://i.scdn.co/image/6d62b25fa3b31a2e8eac5ab41259f1c16c1b9006,2018-09-17 23:10:19,55,https://p.scdn.co/mp3-preview/1819b2479ddbcd6e01937f51f7e6537eb5bd588e?cid=4779f4871cbc4c8fa6901a12c5b203ac,https://open.spotify.com/track/5d5ycUFRQo1yj50wsfkB7g,0.654,0.58,G#,-3.846,major,0.0562,0.0696,0,0.27,0.372,155.973,176043,4,G# major
27,Singled Out,37i9dQZF1DX8f6LHxMjnzD,https://api.spotify.com/v1/playlists/37i9dQZF1DX8f6LHxMjnzD/tracks?offset=0&limit=100,30,MTUzNzM1MDE2NCwwMDAwMDBiOTAwMDAwMTY1ZTljYzg3MDkwMDAwMDE2NWU4OWUwMjQw,https://i.scdn.co/image/354726978b97281c2c458496dfe5670757761bb2,Bright Blue Skies,5zxwumO0laRosoeOvbVSvc,Mitch James,Mitch James - Deluxe Edition,https://i.scdn.co/image/c023f258f19c1535145cb327fc77b683264c14fe,2018-09-17 23:10:19,57,https://p.scdn.co/mp3-preview/bcee52cdf5f91f95670ce101a800c215d8b3c7d4?cid=4779f4871cbc4c8fa6901a12c5b203ac,https://open.spotify.com/track/5zxwumO0laRosoeOvbVSvc,0.799,0.373,G,-8.999,major,0.0558,0.259,0,0.166,0.534,98.035,182907,4,G major
28,Singled Out,37i9dQZF1DX8f6LHxMjnzD,https://api.spotify.com/v1/playlists/37i9dQZF1DX8f6LHxMjnzD/tracks?offset=0&limit=100,30,MTUzNzM1MDE2NCwwMDAwMDBiOTAwMDAwMTY1ZTljYzg3MDkwMDAwMDE2NWU4OWUwMjQw,https://i.scdn.co/image/354726978b97281c2c458496dfe5670757761bb2,That Song That We Used To Make Love To,3vkyyOw92iKKIV5Io2fBdk,Carrie Underwood,Cry Pretty,https://i.scdn.co/image/0f7e6df203b9349ee44e9fe38d828a1db3981eb6,2018-09-17 23:10:19,63,NA,https://open.spotify.com/track/3vkyyOw92iKKIV5Io2fBdk,0.594,0.768,D#,-4.817,minor,0.06,0.088,0,0.0997,0.357,127.888,215653,4,D# minor
29,Singled Out,37i9dQZF1DX8f6LHxMjnzD,https://api.spotify.com/v1/playlists/37i9dQZF1DX8f6LHxMjnzD/tracks?offset=0&limit=100,30,MTUzNzM1MDE2NCwwMDAwMDBiOTAwMDAwMTY1ZTljYzg3MDkwMDAwMDE2NWU4OWUwMjQw,https://i.scdn.co/image/354726978b97281c2c458496dfe5670757761bb2,Cold Love,4yy0WRsilN1KEz2LNvb3Hd,Classified,Cold Love,https://i.scdn.co/image/6e69f0f3fc472c4ba5261f9dbf9ea776d6907c72,2018-09-17 23:10:19,42,NA,https://open.spotify.com/track/4yy0WRsilN1KEz2LNvb3Hd,0.652,0.682,G#,-5.399,major,0.0644,0.0795,0,0.121,0.317,135.983,209840,4,G# major
30,Singled Out,37i9dQZF1DX8f6LHxMjnzD,https://api.spotify.com/v1/playlists/37i9dQZF1DX8f6LHxMjnzD/tracks?offset=0&limit=100,30,MTUzNzM1MDE2NCwwMDAwMDBiOTAwMDAwMTY1ZTljYzg3MDkwMDAwMDE2NWU4OWUwMjQw,https://i.scdn.co/image/354726978b97281c2c458496dfe5670757761bb2,Break Up a Bit,4i4ktHkSqZ8Ig3Vfr4kIIv,Peg Parnevik,Break Up a Bit,https://i.scdn.co/image/cfba0a60c82652feb9a3fbd02dcfe762db971577,2018-09-17 23:10:19,55,https://p.scdn.co/mp3-preview/232fccfb95dcb8523439640f942546eea541a76d?cid=4779f4871cbc4c8fa6901a12c5b203ac,https://open.spotify.com/track/4i4ktHkSqZ8Ig3Vfr4kIIv,0.579,0.667,C#,-5.691,minor,0.0847,0.0147,0,0.172,0.498,119.857,212093,4,C# minor
31,Lebanon Sounds,37i9dQZF1DXaywRlmHaP59,https://api.spotify.com/v1/playlists/37i9dQZF1DXaywRlmHaP59/tracks?offset=0&limit=100,45,MTUzNzAzMTQ3NCwwMDAwMDAwNDAwMDAwMTY1ZGUzNzBkZjkwMDAwMDE2NWRhMTEzZDFk,https://i.scdn.co/image/7a543c914180c911f7b25aae038b3c40028c5f71,Badna Nwalee El Jaw,3kBFWV7Q6QzPhAtyMAjjM8,Nancy Ajram,Badna Nwalee El Jaw,https://i.scdn.co/image/093f3dcb36819eb271b25226ca75ebbadbdb8249,2018-09-15 01:18:12,37,https://p.scdn.co/mp3-preview/6bfe2d4b83f45c8efa677416ed8f60cb5c6051b7?cid=4779f4871cbc4c8fa6901a12c5b203ac,https://open.spotify.com/track/3kBFWV7Q6QzPhAtyMAjjM8,0.715,0.98,A,-4.187,minor,0.0495,0.131,0.000633,0.675,0.963,128.002,213323,4,A minor
32,Lebanon Sounds,37i9dQZF1DXaywRlmHaP59,https://api.spotify.com/v1/playlists/37i9dQZF1DXaywRlmHaP59/tracks?offset=0&limit=100,45,MTUzNzAzMTQ3NCwwMDAwMDAwNDAwMDAwMTY1ZGUzNzBkZjkwMDAwMDE2NWRhMTEzZDFk,https://i.scdn.co/image/7a543c914180c911f7b25aae038b3c40028c5f71,<U+0628><U+062F><U+0646><U+0627> <U+0646><U+0648><U+0644><U+0639><U+0647><U+0627>,3ppfSmiuwSCLCuDZNF7QXw,Fares Karam,44:36,https://i.scdn.co/image/b8d751c3e23be353b29cfaeaeba5758099fafbf1,2018-09-15 01:18:12,45,https://p.scdn.co/mp3-preview/9a60a477cb79d981aa10b6eab06b7b4c50189fe4?cid=4779f4871cbc4c8fa6901a12c5b203ac,https://open.spotify.com/track/3ppfSmiuwSCLCuDZNF7QXw,0.803,0.859,G,-3.326,minor,0.0677,0.078,2.14E-06,0.0904,0.551,107.955,195784,4,G minor
33,Lebanon Sounds,37i9dQZF1DXaywRlmHaP59,https://api.spotify.com/v1/playlists/37i9dQZF1DXaywRlmHaP59/tracks?offset=0&limit=100,45,MTUzNzAzMTQ3NCwwMDAwMDAwNDAwMDAwMTY1ZGUzNzBkZjkwMDAwMDE2NWRhMTEzZDFk,https://i.scdn.co/image/7a543c914180c911f7b25aae038b3c40028c5f71,"Tarik - From ""Tarik""",4nPgDJlUU5bZp6KZio11pz,Hiba Tawaji,"Tarik (From ""Tarik"")",https://i.scdn.co/image/fb0a1dba9e5552ce8bdd6bd62eccbe5ada14316a,2018-09-15 01:18:12,26,https://p.scdn.co/mp3-preview/1613ffba257fce4135b1edf249db6f5d89286545?cid=4779f4871cbc4c8fa6901a12c5b203ac,https://open.spotify.com/track/4nPgDJlUU5bZp6KZio11pz,0.364,0.693,C,-4.159,minor,0.0659,0.731,0,0.164,0.505,159.27,231680,4,C minor
34,Lebanon Sounds,37i9dQZF1DXaywRlmHaP59,https://api.spotify.com/v1/playlists/37i9dQZF1DXaywRlmHaP59/tracks?offset=0&limit=100,45,MTUzNzAzMTQ3NCwwMDAwMDAwNDAwMDAwMTY1ZGUzNzBkZjkwMDAwMDE2NWRhMTEzZDFk,https://i.scdn.co/image/7a543c914180c911f7b25aae038b3c40028c5f71,Bali,0sCzDtIbksaqoTd8wKxgwX,Samer Taleb,Bali,https://i.scdn.co/image/328e8bf8be5ccab69852a27a29ddd54ab0794ec3,2018-09-15 01:18:12,9,https://p.scdn.co/mp3-preview/9d5820211a8a87820fe693157404a02851610b89?cid=4779f4871cbc4c8fa6901a12c5b203ac,https://open.spotify.com/track/0sCzDtIbksaqoTd8wKxgwX,0.873,0.63,G,-9.706,minor,0.0706,0.181,3.76E-05,0.0943,0.881,100.041,191974,4,G minor
35,Lebanon Sounds,37i9dQZF1DXaywRlmHaP59,https://api.spotify.com/v1/playlists/37i9dQZF1DXaywRlmHaP59/tracks?offset=0&limit=100,45,MTUzNzAzMTQ3NCwwMDAwMDAwNDAwMDAwMTY1ZGUzNzBkZjkwMDAwMDE2NWRhMTEzZDFk,https://i.scdn.co/image/7a543c914180c911f7b25aae038b3c40028c5f71,Isar,2QoRQuk7iqbva6p9kxMTBC,Khalil Abou Obeid,Select 8 - Music for Our Friends,https://i.scdn.co/image/0ba46ad3eb76fd9869ba82e0245ecce6fab336e8,2018-09-15 01:18:12,10,https://p.scdn.co/mp3-preview/1559100793a644f46a30b7217df12a076c5ff5f6?cid=4779f4871cbc4c8fa6901a12c5b203ac,https://open.spotify.com/track/2QoRQuk7iqbva6p9kxMTBC,0.241,0.659,C,-6.519,minor,0.0344,0.683,0.939,0.552,0.177,114.907,255907,4,C minor
36,Lebanon Sounds,37i9dQZF1DXaywRlmHaP59,https://api.spotify.com/v1/playlists/37i9dQZF1DXaywRlmHaP59/tracks?offset=0&limit=100,45,MTUzNzAzMTQ3NCwwMDAwMDAwNDAwMDAwMTY1ZGUzNzBkZjkwMDAwMDE2NWRhMTEzZDFk,https://i.scdn.co/image/7a543c914180c911f7b25aae038b3c40028c5f71,Wardi W Wardi,0NwDTKsrWHzmBgam1WDqPi,Dalida Khalil,Wardi W Wardi,https://i.scdn.co/image/cd9b74611d8ccebdc1830dd420ffdacbb199e6e6,2018-09-15 01:18:12,18,https://p.scdn.co/mp3-preview/1c05ab7c9d58fee99d6b7d409c492735a523e6ef?cid=4779f4871cbc4c8fa6901a12c5b203ac,https://open.spotify.com/track/0NwDTKsrWHzmBgam1WDqPi,0.785,0.781,C,-4.496,major,0.0323,0.229,5.58E-05,0.183,0.828,130.021,183027,4,C major
37,Lebanon Sounds,37i9dQZF1DXaywRlmHaP59,https://api.spotify.com/v1/playlists/37i9dQZF1DXaywRlmHaP59/tracks?offset=0&limit=100,45,MTUzNzAzMTQ3NCwwMDAwMDAwNDAwMDAwMTY1ZGUzNzBkZjkwMDAwMDE2NWRhMTEzZDFk,https://i.scdn.co/image/7a543c914180c911f7b25aae038b3c40028c5f71,Mosiba,24iXm4Z6Z9JjqlZmzbKHze,Majd Moussally,Mosiba,https://i.scdn.co/image/f786af2fc28f4b1a1f6d7f1ff9498b55764dc796,2018-09-15 01:18:12,19,https://p.scdn.co/mp3-preview/2b6d23021ee2fcb83e28807d87d6b10310e412b9?cid=4779f4871cbc4c8fa6901a12c5b203ac,https://open.spotify.com/track/24iXm4Z6Z9JjqlZmzbKHze,0.691,0.92,F#,-5.293,major,0.071,0.325,8.46E-05,0.175,0.952,105.011,201248,4,F# major
38,Lebanon Sounds,37i9dQZF1DXaywRlmHaP59,https://api.spotify.com/v1/playlists/37i9dQZF1DXaywRlmHaP59/tracks?offset=0&limit=100,45,MTUzNzAzMTQ3NCwwMDAwMDAwNDAwMDAwMTY1ZGUzNzBkZjkwMDAwMDE2NWRhMTEzZDFk,https://i.scdn.co/image/7a543c914180c911f7b25aae038b3c40028c5f71,<U+0627><U+0646><U+062A> <U+0648> <U+0628><U+0633>,68xwjTxfjfZAW2RB8RoELM,Ayman Amin,<U+0627><U+0646><U+062A> <U+0648> <U+0628><U+0633>,https://i.scdn.co/image/782d5c9d40a3f970c742e12fd20fb9723bdc78c5,2018-09-15 01:18:12,35,https://p.scdn.co/mp3-preview/37a5d72ce640edf09a021d28b87a7c39e83fdb1c?cid=4779f4871cbc4c8fa6901a12c5b203ac,https://open.spotify.com/track/68xwjTxfjfZAW2RB8RoELM,0.596,0.755,C#,-5.492,minor,0.0334,0.168,0,0.122,0.626,106.006,222407,4,C# minor
39,Lebanon Sounds,37i9dQZF1DXaywRlmHaP59,https://api.spotify.com/v1/playlists/37i9dQZF1DXaywRlmHaP59/tracks?offset=0&limit=100,45,MTUzNzAzMTQ3NCwwMDAwMDAwNDAwMDAwMTY1ZGUzNzBkZjkwMDAwMDE2NWRhMTEzZDFk,https://i.scdn.co/image/7a543c914180c911f7b25aae038b3c40028c5f71,Shu Mkhaba El Layl,0s66u7aD64pkey4473qAAn,Tania Kassis,Shu Mkhaba El Layl,https://i.scdn.co/image/4ae0fd36488ac7403ce421fe146b82d383c85ada,2018-09-15 01:18:12,6,https://p.scdn.co/mp3-preview/c0e09119280374082f2980c62772987341d096ef?cid=4779f4871cbc4c8fa6901a12c5b203ac,https://open.spotify.com/track/0s66u7aD64pkey4473qAAn,0.439,0.638,C,-5.082,minor,0.0351,0.169,0,0.0661,0.766,96.856,207507,4,C minor
40,Lebanon Sounds,37i9dQZF1DXaywRlmHaP59,https://api.spotify.com/v1/playlists/37i9dQZF1DXaywRlmHaP59/tracks?offset=0&limit=100,45,MTUzNzAzMTQ3NCwwMDAwMDAwNDAwMDAwMTY1ZGUzNzBkZjkwMDAwMDE2NWRhMTEzZDFk,https://i.scdn.co/image/7a543c914180c911f7b25aae038b3c40028c5f71,Omer Aasal,0joxJdOyy3wuhQdcxdP9RW,Joseph Attieh,Omer Aasal,https://i.scdn.co/image/249bd038ba8a71ffd87b1eff6a430a92b8be15e0,2018-09-15 01:18:12,37,https://p.scdn.co/mp3-preview/8515dba29e99caa5cebca7448df0741824dffa18?cid=4779f4871cbc4c8fa6901a12c5b203ac,https://open.spotify.com/track/0joxJdOyy3wuhQdcxdP9RW,0.72,0.719,A#,-7.576,minor,0.0438,0.168,4.47E-06,0.116,0.597,132.034,221400,4,A# minor
41,Lebanon Sounds,37i9dQZF1DXaywRlmHaP59,https://api.spotify.com/v1/playlists/37i9dQZF1DXaywRlmHaP59/tracks?offset=0&limit=100,45,MTUzNzAzMTQ3NCwwMDAwMDAwNDAwMDAwMTY1ZGUzNzBkZjkwMDAwMDE2NWRhMTEzZDFk,https://i.scdn.co/image/7a543c914180c911f7b25aae038b3c40028c5f71,Wely,17FRSjPbGJXvpnw6LJmgcd,Michel Azzi,Wely,https://i.scdn.co/image/a63598130f399ea2061df17ebc6829ab28264ae2,2018-09-15 01:18:12,6,https://p.scdn.co/mp3-preview/9a528449e2128fe4bce6bd6556b38e7337dc9411?cid=4779f4871cbc4c8fa6901a12c5b203ac,https://open.spotify.com/track/17FRSjPbGJXvpnw6LJmgcd,0.67,0.784,C,-8.015,minor,0.04,0.0171,1.31E-06,0.0956,0.629,127.998,249173,4,C minor
42,Lebanon Sounds,37i9dQZF1DXaywRlmHaP59,https://api.spotify.com/v1/playlists/37i9dQZF1DXaywRlmHaP59/tracks?offset=0&limit=100,45,MTUzNzAzMTQ3NCwwMDAwMDAwNDAwMDAwMTY1ZGUzNzBkZjkwMDAwMDE2NWRhMTEzZDFk,https://i.scdn.co/image/7a543c914180c911f7b25aae038b3c40028c5f71,Eza Niais Hada - <U+0627><U+0630><U+0627> <U+0646><U+0642><U+0635> <U+0645><U+0646><U+0627> <U+062D><U+062F><U+0627>,1PckmS2NnRoI2LHtMSdWLk,Julia Boutros,Meladak - <U+0645><U+064A><U+0644><U+0627><U+062F><U+0643>,https://i.scdn.co/image/5ee7ee81db6250d926e3c2271fb0ecfd3e31db22,2018-09-15 01:18:12,7,https://p.scdn.co/mp3-preview/cac610b77f33eeac8fd1b305a51a5213267bd0f8?cid=4779f4871cbc4c8fa6901a12c5b203ac,https://open.spotify.com/track/1PckmS2NnRoI2LHtMSdWLk,0.394,0.246,A#,-11.785,minor,0.0548,0.89,2.91E-06,0.0733,0.269,82.752,181577,4,A# minor
43,Lebanon Sounds,37i9dQZF1DXaywRlmHaP59,https://api.spotify.com/v1/playlists/37i9dQZF1DXaywRlmHaP59/tracks?offset=0&limit=100,45,MTUzNzAzMTQ3NCwwMDAwMDAwNDAwMDAwMTY1ZGUzNzBkZjkwMDAwMDE2NWRhMTEzZDFk,https://i.scdn.co/image/7a543c914180c911f7b25aae038b3c40028c5f71,Mesh Taye',57MzJQAKcizIPuwcUBgyQ2,Ziad Bourji,Mesh Taye',https://i.scdn.co/image/70882e2f0f4b94bdf7872a67bf316332eda4d9a0,2018-09-15 01:18:12,38,https://p.scdn.co/mp3-preview/6e8185f66e1f5d51c88de9c186ebb78a1a9fb4c3?cid=4779f4871cbc4c8fa6901a12c5b203ac,https://open.spotify.com/track/57MzJQAKcizIPuwcUBgyQ2,0.729,0.644,A,-5.621,minor,0.0466,0.218,0,0.0834,0.828,97.05,174816,4,A minor
44,Lebanon Sounds,37i9dQZF1DXaywRlmHaP59,https://api.spotify.com/v1/playlists/37i9dQZF1DXaywRlmHaP59/tracks?offset=0&limit=100,45,MTUzNzAzMTQ3NCwwMDAwMDAwNDAwMDAwMTY1ZGUzNzBkZjkwMDAwMDE2NWRhMTEzZDFk,https://i.scdn.co/image/7a543c914180c911f7b25aae038b3c40028c5f71,Shu Amelti,5wN9Nbhfmdao5PY05OzvSj,George Nehme,Shu Amelti,https://i.scdn.co/image/6f6e569a536b5ccc724aa09a4767366bc763a3f3,2018-09-15 01:18:12,11,https://p.scdn.co/mp3-preview/aaedcb8ad39881d17985aaf1df3c10ee27657331?cid=4779f4871cbc4c8fa6901a12c5b203ac,https://open.spotify.com/track/5wN9Nbhfmdao5PY05OzvSj,0.709,0.799,C#,-8.632,major,0.0869,0.204,0.00025,0.0715,0.716,93.012,206635,4,C# major
45,Lebanon Sounds,37i9dQZF1DXaywRlmHaP59,https://api.spotify.com/v1/playlists/37i9dQZF1DXaywRlmHaP59/tracks?offset=0&limit=100,45,MTUzNzAzMTQ3NCwwMDAwMDAwNDAwMDAwMTY1ZGUzNzBkZjkwMDAwMDE2NWRhMTEzZDFk,https://i.scdn.co/image/7a543c914180c911f7b25aae038b3c40028c5f71,Aam Shouf Khialat,30XkHnfSFLQULxkGUMNjQO,Wael Jassar,Omry Wzekrayatoh,https://i.scdn.co/image/2251fea1458aa579e51175795959936398c50c92,2018-09-15 01:18:12,22,https://p.scdn.co/mp3-preview/65182a33f6162f9752e2d0fd9de580951ef2ae03?cid=4779f4871cbc4c8fa6901a12c5b203ac,https://open.spotify.com/track/30XkHnfSFLQULxkGUMNjQO,0.558,0.772,D,-5.087,minor,0.0399,0.279,0,0.362,0.681,152.061,282888,4,D minor
46,Lebanon Sounds,37i9dQZF1DXaywRlmHaP59,https://api.spotify.com/v1/playlists/37i9dQZF1DXaywRlmHaP59/tracks?offset=0&limit=100,45,MTUzNzAzMTQ3NCwwMDAwMDAwNDAwMDAwMTY1ZGUzNzBkZjkwMDAwMDE2NWRhMTEzZDFk,https://i.scdn.co/image/7a543c914180c911f7b25aae038b3c40028c5f71,Ana,3iCE1hPR56Q15v3sM3JEjW,Maritta Hallani,Maritta,https://i.scdn.co/image/e0c4dfdb4d435614b120cf1f5efdba5e8b2951d7,2018-09-15 01:18:12,12,https://p.scdn.co/mp3-preview/730d7ae50ceab1fe136f0645156bce1d5bad2274?cid=4779f4871cbc4c8fa6901a12c5b203ac,https://open.spotify.com/track/3iCE1hPR56Q15v3sM3JEjW,0.77,0.73,E,-6.094,minor,0.0611,0.0636,1.55E-05,0.0692,0.681,125.076,193657,4,E minor
47,Lebanon Sounds,37i9dQZF1DXaywRlmHaP59,https://api.spotify.com/v1/playlists/37i9dQZF1DXaywRlmHaP59/tracks?offset=0&limit=100,45,MTUzNzAzMTQ3NCwwMDAwMDAwNDAwMDAwMTY1ZGUzNzBkZjkwMDAwMDE2NWRhMTEzZDFk,https://i.scdn.co/image/7a543c914180c911f7b25aae038b3c40028c5f71,El Kelmi Kelemtik,0TdSgMULjB8ta0HNTmHndT,Naji Osta,El Kelmi Kelemtik,https://i.scdn.co/image/cdeeda6455dc3011a8dcbe2d99bc49d5f3e581f7,2018-09-15 01:18:12,23,https://p.scdn.co/mp3-preview/5c9a3c27f28c71cad06609b1d455c0c602ef0297?cid=4779f4871cbc4c8fa6901a12c5b203ac,https://open.spotify.com/track/0TdSgMULjB8ta0HNTmHndT,0.743,0.887,F#,-5.084,minor,0.0604,0.251,2.09E-06,0.554,0.718,117.985,206420,4,F# minor
48,Lebanon Sounds,37i9dQZF1DXaywRlmHaP59,https://api.spotify.com/v1/playlists/37i9dQZF1DXaywRlmHaP59/tracks?offset=0&limit=100,45,MTUzNzAzMTQ3NCwwMDAwMDAwNDAwMDAwMTY1ZGUzNzBkZjkwMDAwMDE2NWRhMTEzZDFk,https://i.scdn.co/image/7a543c914180c911f7b25aae038b3c40028c5f71,Yalla Habibi - Summer Hit,6tLqRYlfzFqNa86gr9UMia,Ragheb Alama,Yalla Habibi (Summer Hit),https://i.scdn.co/image/634128f2595e048a1afd06c11a00953461182e17,2018-09-15 01:18:12,43,https://p.scdn.co/mp3-preview/7bd522788194bf85d6560ae93389256037342a5e?cid=4779f4871cbc4c8fa6901a12c5b203ac,https://open.spotify.com/track/6tLqRYlfzFqNa86gr9UMia,0.672,0.92,A,-3.899,minor,0.1,0.0177,0.00288,0.0821,0.838,128.003,175781,4,A minor
49,Lebanon Sounds,37i9dQZF1DXaywRlmHaP59,https://api.spotify.com/v1/playlists/37i9dQZF1DXaywRlmHaP59/tracks?offset=0&limit=100,45,MTUzNzAzMTQ3NCwwMDAwMDAwNDAwMDAwMTY1ZGUzNzBkZjkwMDAwMDE2NWRhMTEzZDFk,https://i.scdn.co/image/7a543c914180c911f7b25aae038b3c40028c5f71,Ya Ho,4fxi1jtvhsb3FlEfFYsPBM,Najwa Karam,Ya Ho,https://i.scdn.co/image/6a108c0427b6754530fe9d6a14b8bf1d789ce9a3,2018-09-15 01:18:12,30,https://p.scdn.co/mp3-preview/6912b9323ada770dd57e5f2897f1ca771ff0aad4?cid=4779f4871cbc4c8fa6901a12c5b203ac,https://open.spotify.com/track/4fxi1jtvhsb3FlEfFYsPBM,0.51,0.801,C#,-5.491,major,0.24,0.6,0.00163,0.0943,0.731,189.935,238154,4,C# major
50,Lebanon Sounds,37i9dQZF1DXaywRlmHaP59,https://api.spotify.com/v1/playlists/37i9dQZF1DXaywRlmHaP59/tracks?offset=0&limit=100,45,MTUzNzAzMTQ3NCwwMDAwMDAwNDAwMDAwMTY1ZGUzNzBkZjkwMDAwMDE2NWRhMTEzZDFk,https://i.scdn.co/image/7a543c914180c911f7b25aae038b3c40028c5f71,Sama Aynayk,2eSeGjzLFKSfnn9k925CPL,Jahida Wehb�,Sama Aynayk,https://i.scdn.co/image/5e0daeeb324678cc1fcdda3c6fa5c23c9988ea12,2018-09-15 01:18:12,6,https://p.scdn.co/mp3-preview/258addb0f8dcbadaa3db9856ccc1ccef51e05c5c?cid=4779f4871cbc4c8fa6901a12c5b203ac,https://open.spotify.com/track/2eSeGjzLFKSfnn9k925CPL,0.391,0.442,A,-7.291,minor,0.0325,0.765,3.21E-06,0.102,0.438,120.344,359899,4,A minor
51,Lebanon Sounds,37i9dQZF1DXaywRlmHaP59,https://api.spotify.com/v1/playlists/37i9dQZF1DXaywRlmHaP59/tracks?offset=0&limit=100,45,MTUzNzAzMTQ3NCwwMDAwMDAwNDAwMDAwMTY1ZGUzNzBkZjkwMDAwMDE2NWRhMTEzZDFk,https://i.scdn.co/image/7a543c914180c911f7b25aae038b3c40028c5f71,Mili Ya Helwi Mili,7G2G6oW9RyZQDCqGlfBXaA,Majida El Roumi,Mili Ya Helwi Mili,https://i.scdn.co/image/6b019206b971494139695ef86af1f4dc196e1cbc,2018-09-15 01:18:12,23,https://p.scdn.co/mp3-preview/df19a7f77ddebd73459005c69698841476864412?cid=4779f4871cbc4c8fa6901a12c5b203ac,https://open.spotify.com/track/7G2G6oW9RyZQDCqGlfBXaA,0.681,0.752,A#,-5.61,minor,0.0448,0.554,0,0.0855,0.811,100.01,223655,3,A# minor
52,Lebanon Sounds,37i9dQZF1DXaywRlmHaP59,https://api.spotify.com/v1/playlists/37i9dQZF1DXaywRlmHaP59/tracks?offset=0&limit=100,45,MTUzNzAzMTQ3NCwwMDAwMDAwNDAwMDAwMTY1ZGUzNzBkZjkwMDAwMDE2NWRhMTEzZDFk,https://i.scdn.co/image/7a543c914180c911f7b25aae038b3c40028c5f71,Endi Galb,3Ij44KhmCIEvoR4pIfg5iq,Rabih Baroud,Endi Galb,https://i.scdn.co/image/e50039cd2230484cbcf4883bcc5359e96a4389b2,2018-09-15 01:18:12,16,https://p.scdn.co/mp3-preview/7df68e547ce44da26d9d380c27b6a2a3105bb5cc?cid=4779f4871cbc4c8fa6901a12c5b203ac,https://open.spotify.com/track/3Ij44KhmCIEvoR4pIfg5iq,0.442,0.41,D,-9.724,minor,0.0315,0.574,0,0.0999,0.225,131.789,193515,4,D minor
53,Lebanon Sounds,37i9dQZF1DXaywRlmHaP59,https://api.spotify.com/v1/playlists/37i9dQZF1DXaywRlmHaP59/tracks?offset=0&limit=100,45,MTUzNzAzMTQ3NCwwMDAwMDAwNDAwMDAwMTY1ZGUzNzBkZjkwMDAwMDE2NWRhMTEzZDFk,https://i.scdn.co/image/7a543c914180c911f7b25aae038b3c40028c5f71,Akhadet El Arar,5hKyBHoeaJM5qEJL6XX8w8,Wael Kfoury,Akhadet El Arar,https://i.scdn.co/image/1c434fb689ae1092633a7ec03520bfa3f3115447,2018-09-15 01:18:12,38,https://p.scdn.co/mp3-preview/aef2cc29b922795d879963df26e74136e9899346?cid=4779f4871cbc4c8fa6901a12c5b203ac,https://open.spotify.com/track/5hKyBHoeaJM5qEJL6XX8w8,0.606,0.744,F,-5.756,minor,0.0386,0.521,0,0.17,0.714,130.11,275157,4,F minor
54,Lebanon Sounds,37i9dQZF1DXaywRlmHaP59,https://api.spotify.com/v1/playlists/37i9dQZF1DXaywRlmHaP59/tracks?offset=0&limit=100,45,MTUzNzAzMTQ3NCwwMDAwMDAwNDAwMDAwMTY1ZGUzNzBkZjkwMDAwMDE2NWRhMTEzZDFk,https://i.scdn.co/image/7a543c914180c911f7b25aae038b3c40028c5f71,Baadou,23VMDAzdK2rxnsQfVKJf1W,Maya Diab,Baadou,https://i.scdn.co/image/239593d01ed5d6d1e686ec094a2e1550c51d4bdf,2018-09-15 01:18:12,32,https://p.scdn.co/mp3-preview/8600c56294e9c77c97239417e1fa3b6601756563?cid=4779f4871cbc4c8fa6901a12c5b203ac,https://open.spotify.com/track/23VMDAzdK2rxnsQfVKJf1W,0.679,0.806,F#,-4.254,minor,0.0399,0.231,0,0.133,0.841,141.976,183622,4,F# minor
55,Lebanon Sounds,37i9dQZF1DXaywRlmHaP59,https://api.spotify.com/v1/playlists/37i9dQZF1DXaywRlmHaP59/tracks?offset=0&limit=100,45,MTUzNzAzMTQ3NCwwMDAwMDAwNDAwMDAwMTY1ZGUzNzBkZjkwMDAwMDE2NWRhMTEzZDFk,https://i.scdn.co/image/7a543c914180c911f7b25aae038b3c40028c5f71,Naskha Mennik,4LI2tMzmKd90VO5Xukb428,Adham Nabulsi,Naskha Mennik,https://i.scdn.co/image/4461c9f1a78840a3fe9c517f048c169a34fb5b1d,2018-09-15 01:18:12,34,https://p.scdn.co/mp3-preview/dcb239438772b6aa8fe462cbcadb894fd9d3f063?cid=4779f4871cbc4c8fa6901a12c5b203ac,https://open.spotify.com/track/4LI2tMzmKd90VO5Xukb428,0.507,0.702,F#,-8.943,major,0.0673,0.272,0,0.572,0.268,119.957,318486,4,F# major
56,Lebanon Sounds,37i9dQZF1DXaywRlmHaP59,https://api.spotify.com/v1/playlists/37i9dQZF1DXaywRlmHaP59/tracks?offset=0&limit=100,45,MTUzNzAzMTQ3NCwwMDAwMDAwNDAwMDAwMTY1ZGUzNzBkZjkwMDAwMDE2NWRhMTEzZDFk,https://i.scdn.co/image/7a543c914180c911f7b25aae038b3c40028c5f71,Bala Alb,4Yo9YscZEG4fNpvtDXYtYx,Moeen Shreif,Bala Alb,https://i.scdn.co/image/b6d481140275418afec320b9140ecdc3ebde6d8a,2018-09-15 01:18:12,17,https://p.scdn.co/mp3-preview/7cafa3ae98062df5c202859a5ebb5dcb980a830e?cid=4779f4871cbc4c8fa6901a12c5b203ac,https://open.spotify.com/track/4Yo9YscZEG4fNpvtDXYtYx,0.605,0.841,A,-5.019,minor,0.106,0.45,0,0.305,0.583,92.976,254746,4,A minor
57,Lebanon Sounds,37i9dQZF1DXaywRlmHaP59,https://api.spotify.com/v1/playlists/37i9dQZF1DXaywRlmHaP59/tracks?offset=0&limit=100,45,MTUzNzAzMTQ3NCwwMDAwMDAwNDAwMDAwMTY1ZGUzNzBkZjkwMDAwMDE2NWRhMTEzZDFk,https://i.scdn.co/image/7a543c914180c911f7b25aae038b3c40028c5f71,Rakez Maaya,1RZtsALMgy16Z9RWcUUvI5,Ahmad Akkad,Rakez Maaya,https://i.scdn.co/image/7ad31bab9f633fd0d0e65b4bde4de8630334741d,2018-09-15 01:18:12,7,https://p.scdn.co/mp3-preview/7562ce06c4c27e8ea9e05fefd8f392e83e9ec96e?cid=4779f4871cbc4c8fa6901a12c5b203ac,https://open.spotify.com/track/1RZtsALMgy16Z9RWcUUvI5,0.739,0.829,A#,-5.93,minor,0.038,0.0678,0,0.115,0.862,145.033,213577,4,A# minor
58,Lebanon Sounds,37i9dQZF1DXaywRlmHaP59,https://api.spotify.com/v1/playlists/37i9dQZF1DXaywRlmHaP59/tracks?offset=0&limit=100,45,MTUzNzAzMTQ3NCwwMDAwMDAwNDAwMDAwMTY1ZGUzNzBkZjkwMDAwMDE2NWRhMTEzZDFk,https://i.scdn.co/image/7a543c914180c911f7b25aae038b3c40028c5f71,La Tisalouni - Dabke / Arabic,3vzg53zLG6q8cDb211VQTn,Mohamed Iskandar,"Shish Kebab Party 2: Armenian, Arabic, & Greek Kef Time",https://i.scdn.co/image/e0faa05ddd3e944ef01f127ddb18b46ce418afb6,2018-09-15 01:18:12,6,https://p.scdn.co/mp3-preview/bfd635e51a379f194f0b5a027bec7ca393037050?cid=4779f4871cbc4c8fa6901a12c5b203ac,https://open.spotify.com/track/3vzg53zLG6q8cDb211VQTn,0.597,0.912,F#,-3.305,major,0.0435,0.815,6.01E-05,0.315,0.836,111.666,338064,4,F# major
59,Lebanon Sounds,37i9dQZF1DXaywRlmHaP59,https://api.spotify.com/v1/playlists/37i9dQZF1DXaywRlmHaP59/tracks?offset=0&limit=100,45,MTUzNzAzMTQ3NCwwMDAwMDAwNDAwMDAwMTY1ZGUzNzBkZjkwMDAwMDE2NWRhMTEzZDFk,https://i.scdn.co/image/7a543c914180c911f7b25aae038b3c40028c5f71,Aam Doub,1Jbtg7LSc64jQb59OsgBSa,Dina Hayek,Aam Doub,https://i.scdn.co/image/c182cf8aa098e732605851d90a92b9277d78ed22,2018-09-15 01:18:12,7,https://p.scdn.co/mp3-preview/f5d16445916eb497d966fce34d0f8720cfd72ee1?cid=4779f4871cbc4c8fa6901a12c5b203ac,https://open.spotify.com/track/1Jbtg7LSc64jQb59OsgBSa,0.572,0.899,G,-2.904,minor,0.0669,0.106,0,0.349,0.552,165.966,218825,4,G minor
60,Lebanon Sounds,37i9dQZF1DXaywRlmHaP59,https://api.spotify.com/v1/playlists/37i9dQZF1DXaywRlmHaP59/tracks?offset=0&limit=100,45,MTUzNzAzMTQ3NCwwMDAwMDAwNDAwMDAwMTY1ZGUzNzBkZjkwMDAwMDE2NWRhMTEzZDFk,https://i.scdn.co/image/7a543c914180c911f7b25aae038b3c40028c5f71,Wala Leila,1dPkie8ZPnoUf5C65WZsah,Yousef Arafat,Wala Leila,https://i.scdn.co/image/7d8b7332cf5f1b6173bcd7948566b1db8a40b17a,2018-09-15 01:18:12,5,https://p.scdn.co/mp3-preview/5f4e6fc0cf03e41c7434ea6e60afff64f6cdcfa6?cid=4779f4871cbc4c8fa6901a12c5b203ac,https://open.spotify.com/track/1dPkie8ZPnoUf5C65WZsah,0.6,0.953,C,-5.307,minor,0.0533,0.275,0.000706,0.321,0.817,138.049,249707,4,C minor
61,Lebanon Sounds,37i9dQZF1DXaywRlmHaP59,https://api.spotify.com/v1/playlists/37i9dQZF1DXaywRlmHaP59/tracks?offset=0&limit=100,45,MTUzNzAzMTQ3NCwwMDAwMDAwNDAwMDAwMTY1ZGUzNzBkZjkwMDAwMDE2NWRhMTEzZDFk,https://i.scdn.co/image/7a543c914180c911f7b25aae038b3c40028c5f71,Meen Aal,2GgZqJVdmy4iEBfaOc2cwd,Yara,Meen Aal Single,https://i.scdn.co/image/676145468b6d42bd022a3ce6e293ac372aa6fc6c,2018-09-15 01:18:12,13,https://p.scdn.co/mp3-preview/e70f1fba25df402bb3ad1e9f50baaec1750c955c?cid=4779f4871cbc4c8fa6901a12c5b203ac,https://open.spotify.com/track/2GgZqJVdmy4iEBfaOc2cwd,0.705,0.834,C,-5.215,major,0.0774,0.0622,1.43E-06,0.352,0.662,97.005,237564,4,C major
62,Lebanon Sounds,37i9dQZF1DXaywRlmHaP59,https://api.spotify.com/v1/playlists/37i9dQZF1DXaywRlmHaP59/tracks?offset=0&limit=100,45,MTUzNzAzMTQ3NCwwMDAwMDAwNDAwMDAwMTY1ZGUzNzBkZjkwMDAwMDE2NWRhMTEzZDFk,https://i.scdn.co/image/7a543c914180c911f7b25aae038b3c40028c5f71,Eddam El Kel,1Ur8tg4vBnsSGHsepuxuo7,Darine Hadchiti,Eddam El Kel,https://i.scdn.co/image/bcdec196e758d203bd70b72bb37b1470f34676aa,2018-09-15 01:18:12,25,https://p.scdn.co/mp3-preview/4772dc4d9eb7283b34996b26c2ff4debc97a9e6b?cid=4779f4871cbc4c8fa6901a12c5b203ac,https://open.spotify.com/track/1Ur8tg4vBnsSGHsepuxuo7,0.645,0.749,G,-8.022,major,0.0796,0.247,0.000137,0.211,0.662,100.043,282974,4,G major
63,Lebanon Sounds,37i9dQZF1DXaywRlmHaP59,https://api.spotify.com/v1/playlists/37i9dQZF1DXaywRlmHaP59/tracks?offset=0&limit=100,45,MTUzNzAzMTQ3NCwwMDAwMDAwNDAwMDAwMTY1ZGUzNzBkZjkwMDAwMDE2NWRhMTEzZDFk,https://i.scdn.co/image/7a543c914180c911f7b25aae038b3c40028c5f71,Teabet,0DFUPo8TSpGN5iqRTpUgbN,Salah Kurdi,Teabet,https://i.scdn.co/image/c18a4d2bfeb3d52196741a11ae246509fb364ed9,2018-09-15 01:18:12,7,https://p.scdn.co/mp3-preview/ce8372da8c68e62b8a78785bb3e3304d0dadcb81?cid=4779f4871cbc4c8fa6901a12c5b203ac,https://open.spotify.com/track/0DFUPo8TSpGN5iqRTpUgbN,0.528,0.458,D,-7.163,minor,0.0339,0.793,1.3E-05,0.247,0.243,121.961,234382,4,D minor
64,Lebanon Sounds,37i9dQZF1DXaywRlmHaP59,https://api.spotify.com/v1/playlists/37i9dQZF1DXaywRlmHaP59/tracks?offset=0&limit=100,45,MTUzNzAzMTQ3NCwwMDAwMDAwNDAwMDAwMTY1ZGUzNzBkZjkwMDAwMDE2NWRhMTEzZDFk,https://i.scdn.co/image/7a543c914180c911f7b25aae038b3c40028c5f71,"Baad El Yawm - From ""Mawt Amira""",2bNAAeipEG8ubqLUIDZ07p,Shiraz,"Baad El Yawm (From ""Mawt Amira"")",https://i.scdn.co/image/193c2bc29a2ecbb4cb53b873d6e84f51dbdf0138,2018-09-15 01:18:12,8,https://p.scdn.co/mp3-preview/d1a3409d4ce943b0bdc00bd40302cac6ab211c53?cid=4779f4871cbc4c8fa6901a12c5b203ac,https://open.spotify.com/track/2bNAAeipEG8ubqLUIDZ07p,0.499,0.624,F,-8.321,minor,0.0701,0.431,0,0.146,0.335,149.967,208018,4,F minor
65,Lebanon Sounds,37i9dQZF1DXaywRlmHaP59,https://api.spotify.com/v1/playlists/37i9dQZF1DXaywRlmHaP59/tracks?offset=0&limit=100,45,MTUzNzAzMTQ3NCwwMDAwMDAwNDAwMDAwMTY1ZGUzNzBkZjkwMDAwMDE2NWRhMTEzZDFk,https://i.scdn.co/image/7a543c914180c911f7b25aae038b3c40028c5f71,Kifo Albik,2eZmgY0XLZFulC5pFrlwD8,Salim Assaf,Kifo Albik,https://i.scdn.co/image/f25c6ad2fe56ac0a82d88488f05f063a436e12ef,2018-09-15 01:18:12,8,https://p.scdn.co/mp3-preview/5586ce68da2a801a6437799d4fa0f22814c34ce8?cid=4779f4871cbc4c8fa6901a12c5b203ac,https://open.spotify.com/track/2eZmgY0XLZFulC5pFrlwD8,0.541,0.877,C,-4.304,minor,0.0382,0.14,7.66E-05,0.0832,0.648,160.03,219938,4,C minor
66,Lebanon Sounds,37i9dQZF1DXaywRlmHaP59,https://api.spotify.com/v1/playlists/37i9dQZF1DXaywRlmHaP59/tracks?offset=0&limit=100,45,MTUzNzAzMTQ3NCwwMDAwMDAwNDAwMDAwMTY1ZGUzNzBkZjkwMDAwMDE2NWRhMTEzZDFk,https://i.scdn.co/image/7a543c914180c911f7b25aae038b3c40028c5f71,Majnouni W Bhebbik,0iPjy2tZc49YCzLy37oAJA,Walid Awad,End Of 2014,https://i.scdn.co/image/5e40d295192064bf4a81c996c34fe22837ef9e3c,2018-09-15 01:18:12,5,https://p.scdn.co/mp3-preview/4afd3b9da45c44936b46bbc7321a58d8c95a3807?cid=4779f4871cbc4c8fa6901a12c5b203ac,https://open.spotify.com/track/0iPjy2tZc49YCzLy37oAJA,0.744,0.794,B,-8.084,minor,0.0951,0.132,0,0.123,0.775,113.922,220421,4,B minor
67,Lebanon Sounds,37i9dQZF1DXaywRlmHaP59,https://api.spotify.com/v1/playlists/37i9dQZF1DXaywRlmHaP59/tracks?offset=0&limit=100,45,MTUzNzAzMTQ3NCwwMDAwMDAwNDAwMDAwMTY1ZGUzNzBkZjkwMDAwMDE2NWRhMTEzZDFk,https://i.scdn.co/image/7a543c914180c911f7b25aae038b3c40028c5f71,Omy Er2osely,0buC9pXvlhAJRmK6CJYf2z,Assi El Hallani,Omy Er2osely,https://i.scdn.co/image/22f70ba5563ff391ce3a25f7865ac4a7d287e456,2018-09-15 01:18:12,5,https://p.scdn.co/mp3-preview/0353b87f79449fa7f8d300761752bf6c7c3a7d89?cid=4779f4871cbc4c8fa6901a12c5b203ac,https://open.spotify.com/track/0buC9pXvlhAJRmK6CJYf2z,0.489,0.914,G,-4.394,major,0.174,0.216,0.000231,0.197,0.666,159.99,315382,4,G major
68,Lebanon Sounds,37i9dQZF1DXaywRlmHaP59,https://api.spotify.com/v1/playlists/37i9dQZF1DXaywRlmHaP59/tracks?offset=0&limit=100,45,MTUzNzAzMTQ3NCwwMDAwMDAwNDAwMDAwMTY1ZGUzNzBkZjkwMDAwMDE2NWRhMTEzZDFk,https://i.scdn.co/image/7a543c914180c911f7b25aae038b3c40028c5f71,"Dak Almani Terashrash (feat. Hussam Jned, Dominique Hourani & Wael Jassar)",61ij76waZnKpjgwPuvZ554,Nader Al Atat,Bawast Tyabik,https://i.scdn.co/image/c6af7ee733a3d49e202bf26a7e7bef9502f6a7f5,2018-09-15 01:18:12,32,https://p.scdn.co/mp3-preview/617d52e2714409ba6a35ae12df4a1e5641013226?cid=4779f4871cbc4c8fa6901a12c5b203ac,https://open.spotify.com/track/61ij76waZnKpjgwPuvZ554,0.493,0.832,G,-4.233,minor,0.0675,0.4,0.00041,0.321,0.562,116.537,348560,4,G minor
69,Lebanon Sounds,37i9dQZF1DXaywRlmHaP59,https://api.spotify.com/v1/playlists/37i9dQZF1DXaywRlmHaP59/tracks?offset=0&limit=100,45,MTUzNzAzMTQ3NCwwMDAwMDAwNDAwMDAwMTY1ZGUzNzBkZjkwMDAwMDE2NWRhMTEzZDFk,https://i.scdn.co/image/7a543c914180c911f7b25aae038b3c40028c5f71,Bawast Tyabik,0H0p1d3CWMdl00opxiLF6H,Nader Al Atat,Bawast Tyabik,https://i.scdn.co/image/c6af7ee733a3d49e202bf26a7e7bef9502f6a7f5,2018-09-15 01:18:12,27,https://p.scdn.co/mp3-preview/867e3cbab4b3425fc3cdceab3321490f14dac3c2?cid=4779f4871cbc4c8fa6901a12c5b203ac,https://open.spotify.com/track/0H0p1d3CWMdl00opxiLF6H,0.734,0.879,B,-5.837,minor,0.085,0.329,1.04E-06,0.4,0.705,112.015,236427,4,B minor
70,Lebanon Sounds,37i9dQZF1DXaywRlmHaP59,https://api.spotify.com/v1/playlists/37i9dQZF1DXaywRlmHaP59/tracks?offset=0&limit=100,45,MTUzNzAzMTQ3NCwwMDAwMDAwNDAwMDAwMTY1ZGUzNzBkZjkwMDAwMDE2NWRhMTEzZDFk,https://i.scdn.co/image/7a543c914180c911f7b25aae038b3c40028c5f71,Alou,2zdpVn4cEphVfkvUy1DVjQ,Nawal Al Zoghbi,Alou,https://i.scdn.co/image/dc0943dbe39cd04d52afdaddab855316cc28281a,2018-09-15 01:18:12,26,https://p.scdn.co/mp3-preview/f24ab49a75a6c3215e497a6e12f3f7b7e40e266b?cid=4779f4871cbc4c8fa6901a12c5b203ac,https://open.spotify.com/track/2zdpVn4cEphVfkvUy1DVjQ,0.557,0.827,G#,-6.855,minor,0.079,0.464,7.55E-05,0.18,0.592,106.796,229742,4,G# minor
71,Lebanon Sounds,37i9dQZF1DXaywRlmHaP59,https://api.spotify.com/v1/playlists/37i9dQZF1DXaywRlmHaP59/tracks?offset=0&limit=100,45,MTUzNzAzMTQ3NCwwMDAwMDAwNDAwMDAwMTY1ZGUzNzBkZjkwMDAwMDE2NWRhMTEzZDFk,https://i.scdn.co/image/7a543c914180c911f7b25aae038b3c40028c5f71,Kif Badak 3ani Tghib,1rgvyUOKyq8dFN44ksLK4N,Shiraz,Kif Badak 3ani Tghib,https://i.scdn.co/image/89eb976bf523ae3a5d17eea6df7b5300e96d830d,2018-09-15 01:18:12,35,https://p.scdn.co/mp3-preview/1cd84d3a4d9c1d4153e3581f9ac308b1e18a6f6f?cid=4779f4871cbc4c8fa6901a12c5b203ac,https://open.spotify.com/track/1rgvyUOKyq8dFN44ksLK4N,0.818,0.84,E,-6.607,minor,0.0446,0.195,0.00085,0.275,0.593,100.009,274207,4,E minor
72,Lebanon Sounds,37i9dQZF1DXaywRlmHaP59,https://api.spotify.com/v1/playlists/37i9dQZF1DXaywRlmHaP59/tracks?offset=0&limit=100,45,MTUzNzAzMTQ3NCwwMDAwMDAwNDAwMDAwMTY1ZGUzNzBkZjkwMDAwMDE2NWRhMTEzZDFk,https://i.scdn.co/image/7a543c914180c911f7b25aae038b3c40028c5f71,Te'bou Aasabi,7pQ59223QsilFagyojOsKd,Naji Osta,Best Of Arabic 2011,https://i.scdn.co/image/be11611ee4ec2ef38028563f1c9de06104fb456d,2018-09-15 01:18:12,27,https://p.scdn.co/mp3-preview/4327bb2bb511311e5ecdfaa9a6af5c9dd8080bb6?cid=4779f4871cbc4c8fa6901a12c5b203ac,https://open.spotify.com/track/7pQ59223QsilFagyojOsKd,0.687,0.971,G#,-3.077,major,0.281,0.588,1.04E-06,0.243,0.634,135.925,280111,4,G# major
73,Lebanon Sounds,37i9dQZF1DXaywRlmHaP59,https://api.spotify.com/v1/playlists/37i9dQZF1DXaywRlmHaP59/tracks?offset=0&limit=100,45,MTUzNzAzMTQ3NCwwMDAwMDAwNDAwMDAwMTY1ZGUzNzBkZjkwMDAwMDE2NWRhMTEzZDFk,https://i.scdn.co/image/7a543c914180c911f7b25aae038b3c40028c5f71,Shou Helou,51hN3ScR3uO358mhvpYJ8F,Ziad Bourji,Shou Helou,https://i.scdn.co/image/fdd95f964d6e9bf19eef9e91f56f3ab88a2f27b9,2018-09-15 01:18:12,47,https://p.scdn.co/mp3-preview/e667389978f1110a0d82c9768b64643fab4e6ce4?cid=4779f4871cbc4c8fa6901a12c5b203ac,https://open.spotify.com/track/51hN3ScR3uO358mhvpYJ8F,0.826,0.719,B,-4.654,minor,0.0374,0.655,0.0117,0.106,0.944,119.976,211047,4,B minor
74,Lebanon Sounds,37i9dQZF1DXaywRlmHaP59,https://api.spotify.com/v1/playlists/37i9dQZF1DXaywRlmHaP59/tracks?offset=0&limit=100,45,MTUzNzAzMTQ3NCwwMDAwMDAwNDAwMDAwMTY1ZGUzNzBkZjkwMDAwMDE2NWRhMTEzZDFk,https://i.scdn.co/image/7a543c914180c911f7b25aae038b3c40028c5f71,Habeb Hebbak,11UGrRqiR53jqoLPRCwoPC,Majd Moussally,Habeb Hebbak,https://i.scdn.co/image/164e6845867f9056db6646f9f63d7c7a4b86a222,2018-09-15 01:18:12,14,https://p.scdn.co/mp3-preview/585563daf27ba9e911a4ec8d33be4885911684be?cid=4779f4871cbc4c8fa6901a12c5b203ac,https://open.spotify.com/track/11UGrRqiR53jqoLPRCwoPC,0.663,0.972,G#,-2.644,major,0.0774,0.175,3.59E-05,0.0924,0.604,107.947,247980,4,G# major
75,Lebanon Sounds,37i9dQZF1DXaywRlmHaP59,https://api.spotify.com/v1/playlists/37i9dQZF1DXaywRlmHaP59/tracks?offset=0&limit=100,45,MTUzNzAzMTQ3NCwwMDAwMDAwNDAwMDAwMTY1ZGUzNzBkZjkwMDAwMDE2NWRhMTEzZDFk,https://i.scdn.co/image/7a543c914180c911f7b25aae038b3c40028c5f71,<U+0628><U+0644><U+0627><U+062F> <U+0627><U+0644><U+0644><U+0647>,4hSt5ZveH5wrtkDD60CyfM,Fares Karam,44:36,https://i.scdn.co/image/b8d751c3e23be353b29cfaeaeba5758099fafbf1,2018-09-15 01:18:12,32,https://p.scdn.co/mp3-preview/221d7ea999f4e213e01b898967b0b75eedb21859?cid=4779f4871cbc4c8fa6901a12c5b203ac,https://open.spotify.com/track/4hSt5ZveH5wrtkDD60CyfM,0.533,0.983,G#,-3.681,major,0.177,0.434,7.71E-06,0.29,0.559,171.951,272649,4,G# major
76,Fresh Finds: Poptronix,37i9dQZF1DX3u9TSHqpdJC,https://api.spotify.com/v1/playlists/37i9dQZF1DX3u9TSHqpdJC/tracks?offset=0&limit=100,30,MTUzNTQ4NjQyNywwMDAwMDA0NTAwMDAwMTY1ODIxZjdmYjEwMDAwMDE2MzFkYzZjZTM5,https://i.scdn.co/image/2e166acb0a40e127852eaeaab19cae67065070b8,Good Luck,1sL98fzsh3TYGpaRZBPayE,TYNI,Good Luck,https://i.scdn.co/image/434f65d203363b168b77a1865cf44cb41104a4c9,2018-08-28 20:00:27,42,https://p.scdn.co/mp3-preview/1c0520569e07ca59a268cdef2c8209c71aecebb4?cid=4779f4871cbc4c8fa6901a12c5b203ac,https://open.spotify.com/track/1sL98fzsh3TYGpaRZBPayE,0.816,0.557,B,-6.087,minor,0.362,0.316,1.98E-05,0.249,0.664,119.917,174000,4,B minor
77,Fresh Finds: Poptronix,37i9dQZF1DX3u9TSHqpdJC,https://api.spotify.com/v1/playlists/37i9dQZF1DX3u9TSHqpdJC/tracks?offset=0&limit=100,30,MTUzNTQ4NjQyNywwMDAwMDA0NTAwMDAwMTY1ODIxZjdmYjEwMDAwMDE2MzFkYzZjZTM5,https://i.scdn.co/image/2e166acb0a40e127852eaeaab19cae67065070b8,Summer Love,1aPSpiKWnzzkU49dXtrA3Q,Midnight Quickie,Summer Love,https://i.scdn.co/image/a57e0de8c1bbcb4ce0376cc46a1beb77cdd37695,2018-08-28 20:00:27,47,https://p.scdn.co/mp3-preview/5d27689d5b70d67df9f32d0693e6ea103bd7b69d?cid=4779f4871cbc4c8fa6901a12c5b203ac,https://open.spotify.com/track/1aPSpiKWnzzkU49dXtrA3Q,0.859,0.507,G,-8.71,minor,0.205,0.315,9.47E-05,0.169,0.314,120.969,210258,4,G minor
78,Fresh Finds: Poptronix,37i9dQZF1DX3u9TSHqpdJC,https://api.spotify.com/v1/playlists/37i9dQZF1DX3u9TSHqpdJC/tracks?offset=0&limit=100,30,MTUzNTQ4NjQyNywwMDAwMDA0NTAwMDAwMTY1ODIxZjdmYjEwMDAwMDE2MzFkYzZjZTM5,https://i.scdn.co/image/2e166acb0a40e127852eaeaab19cae67065070b8,You Can Have It All,2ERNqTqQJKm10LH6etp0IE,B. Aull,You Can Have It All,https://i.scdn.co/image/14782c448e427de3d750dca96985ffdedb82424a,2018-08-28 20:00:27,48,https://p.scdn.co/mp3-preview/6114ad0e6bf686d66bc588e84c64ae4017d26700?cid=4779f4871cbc4c8fa6901a12c5b203ac,https://open.spotify.com/track/2ERNqTqQJKm10LH6etp0IE,0.736,0.654,C#,-7.347,minor,0.221,0.227,0,0.075,0.633,94.976,207079,4,C# minor
79,Fresh Finds: Poptronix,37i9dQZF1DX3u9TSHqpdJC,https://api.spotify.com/v1/playlists/37i9dQZF1DX3u9TSHqpdJC/tracks?offset=0&limit=100,30,MTUzNTQ4NjQyNywwMDAwMDA0NTAwMDAwMTY1ODIxZjdmYjEwMDAwMDE2MzFkYzZjZTM5,https://i.scdn.co/image/2e166acb0a40e127852eaeaab19cae67065070b8,How I - h2the & REV-ENG remix,7245lVb6bqHRMOm8jWYXPz,Sirken,How I (h2the & REV-ENG remix),https://i.scdn.co/image/400e198f66ed8aefcb2f4dafdee4329f2e80d88c,2018-08-28 20:00:27,44,https://p.scdn.co/mp3-preview/85954938bb964e5dbed6a7b069c7979ac7742f61?cid=4779f4871cbc4c8fa6901a12c5b203ac,https://open.spotify.com/track/7245lVb6bqHRMOm8jWYXPz,0.6,0.617,A#,-7.54,major,0.0305,0.00183,0.000367,0.0899,0.103,118.952,195630,4,A# major
80,Fresh Finds: Poptronix,37i9dQZF1DX3u9TSHqpdJC,https://api.spotify.com/v1/playlists/37i9dQZF1DX3u9TSHqpdJC/tracks?offset=0&limit=100,30,MTUzNTQ4NjQyNywwMDAwMDA0NTAwMDAwMTY1ODIxZjdmYjEwMDAwMDE2MzFkYzZjZTM5,https://i.scdn.co/image/2e166acb0a40e127852eaeaab19cae67065070b8,Love 4 Me,3UGHd7j0BaWB4HQ2uBuDiy,Ionika,Love 4 Me,https://i.scdn.co/image/77f4c0e2951ca9e214bda369f73e9d7315b564ee,2018-08-28 20:00:27,45,https://p.scdn.co/mp3-preview/2b1e4148dee2f4f6a24ceff954f3446257ff713a?cid=4779f4871cbc4c8fa6901a12c5b203ac,https://open.spotify.com/track/3UGHd7j0BaWB4HQ2uBuDiy,0.771,0.602,F,-8.466,major,0.0731,0.0644,5.54E-06,0.252,0.189,125.028,190080,4,F major
81,Fresh Finds: Poptronix,37i9dQZF1DX3u9TSHqpdJC,https://api.spotify.com/v1/playlists/37i9dQZF1DX3u9TSHqpdJC/tracks?offset=0&limit=100,30,MTUzNTQ4NjQyNywwMDAwMDA0NTAwMDAwMTY1ODIxZjdmYjEwMDAwMDE2MzFkYzZjZTM5,https://i.scdn.co/image/2e166acb0a40e127852eaeaab19cae67065070b8,Wonder,62P6NUF2sLhVnTyDu9regk,Old Swing,Wonder,https://i.scdn.co/image/eb42ba46247ba6b3c2564de47d44294f7ec1ce76,2018-08-28 20:00:27,26,https://p.scdn.co/mp3-preview/6c6583087241cb27654c91318411e959e40cfefa?cid=4779f4871cbc4c8fa6901a12c5b203ac,https://open.spotify.com/track/62P6NUF2sLhVnTyDu9regk,0.683,0.784,C#,-6.609,major,0.0286,0.00232,0.0301,0.0907,0.857,105.049,205931,4,C# major
82,Fresh Finds: Poptronix,37i9dQZF1DX3u9TSHqpdJC,https://api.spotify.com/v1/playlists/37i9dQZF1DX3u9TSHqpdJC/tracks?offset=0&limit=100,30,MTUzNTQ4NjQyNywwMDAwMDA0NTAwMDAwMTY1ODIxZjdmYjEwMDAwMDE2MzFkYzZjZTM5,https://i.scdn.co/image/2e166acb0a40e127852eaeaab19cae67065070b8,Day to Day,2PkmS6gDD0cOJfhtWaC3h3,Denvre,Day to Day,https://i.scdn.co/image/6ae0c033ca4f09acf65db34953015942cbe6a721,2018-08-28 20:00:27,38,https://p.scdn.co/mp3-preview/f4bbcd665a30cf809839b4fac04e7ccb59d761e5?cid=4779f4871cbc4c8fa6901a12c5b203ac,https://open.spotify.com/track/2PkmS6gDD0cOJfhtWaC3h3,0.618,0.465,A#,-9.684,minor,0.0401,0.357,0.00026,0.0339,0.262,78.009,196154,4,A# minor
83,Fresh Finds: Poptronix,37i9dQZF1DX3u9TSHqpdJC,https://api.spotify.com/v1/playlists/37i9dQZF1DX3u9TSHqpdJC/tracks?offset=0&limit=100,30,MTUzNTQ4NjQyNywwMDAwMDA0NTAwMDAwMTY1ODIxZjdmYjEwMDAwMDE2MzFkYzZjZTM5,https://i.scdn.co/image/2e166acb0a40e127852eaeaab19cae67065070b8,Safe,4sOzGovIr2W3xYZVi1N1tV,Olivia Grace,Safe,https://i.scdn.co/image/834e5ec3980ca22fba2ac112dc5f7f945b4d63c6,2018-08-28 20:00:27,28,https://p.scdn.co/mp3-preview/94cac61d2dd1f9afbb79ebdccde943b23ab3a356?cid=4779f4871cbc4c8fa6901a12c5b203ac,https://open.spotify.com/track/4sOzGovIr2W3xYZVi1N1tV,0.475,0.448,G#,-8.399,minor,0.0548,0.484,2.74E-05,0.0809,0.0702,119.427,217000,4,G# minor
84,Fresh Finds: Poptronix,37i9dQZF1DX3u9TSHqpdJC,https://api.spotify.com/v1/playlists/37i9dQZF1DX3u9TSHqpdJC/tracks?offset=0&limit=100,30,MTUzNTQ4NjQyNywwMDAwMDA0NTAwMDAwMTY1ODIxZjdmYjEwMDAwMDE2MzFkYzZjZTM5,https://i.scdn.co/image/2e166acb0a40e127852eaeaab19cae67065070b8,Young Lovers,5C9f9CvCf35n5aOhn22DHs,Dutchkid,Young Lovers,https://i.scdn.co/image/ed6406b6dd1ff4a4b51222b9ca47e1aaf0140651,2018-08-28 20:00:27,27,https://p.scdn.co/mp3-preview/6ea7e85f4cdb33d4bad967a7b0c2ab10b7cf78c9?cid=4779f4871cbc4c8fa6901a12c5b203ac,https://open.spotify.com/track/5C9f9CvCf35n5aOhn22DHs,0.597,0.699,F,-7.061,minor,0.0761,0.0436,0.0472,0.197,0.688,195.954,198178,4,F minor
85,Fresh Finds: Poptronix,37i9dQZF1DX3u9TSHqpdJC,https://api.spotify.com/v1/playlists/37i9dQZF1DX3u9TSHqpdJC/tracks?offset=0&limit=100,30,MTUzNTQ4NjQyNywwMDAwMDA0NTAwMDAwMTY1ODIxZjdmYjEwMDAwMDE2MzFkYzZjZTM5,https://i.scdn.co/image/2e166acb0a40e127852eaeaab19cae67065070b8,Forever for Now,6f24dKLT18FKK83P3mmv8Q,Dylan Bernard,Forever for Now,https://i.scdn.co/image/69a16ffa1173561cc0b15239c0be1c865964f0ea,2018-08-28 20:00:27,45,https://p.scdn.co/mp3-preview/9e9e6e090ee7e0c927afaad1f0958b83beba57c6?cid=4779f4871cbc4c8fa6901a12c5b203ac,https://open.spotify.com/track/6f24dKLT18FKK83P3mmv8Q,0.646,0.506,A#,-7.269,minor,0.0307,0.184,0,0.0886,0.412,139.991,211307,4,A# minor
86,Fresh Finds: Poptronix,37i9dQZF1DX3u9TSHqpdJC,https://api.spotify.com/v1/playlists/37i9dQZF1DX3u9TSHqpdJC/tracks?offset=0&limit=100,30,MTUzNTQ4NjQyNywwMDAwMDA0NTAwMDAwMTY1ODIxZjdmYjEwMDAwMDE2MzFkYzZjZTM5,https://i.scdn.co/image/2e166acb0a40e127852eaeaab19cae67065070b8,Au Revoir,1kCfdpfzpg9yxT6chJXWG7,LVSN,Au Revoir,https://i.scdn.co/image/e064504791286b34c70ecc447334ad0e3618b51e,2018-08-21 20:20:00,35,https://p.scdn.co/mp3-preview/f7cb376c34ac23ffa9cef8669a9da75ab65e617c?cid=4779f4871cbc4c8fa6901a12c5b203ac,https://open.spotify.com/track/1kCfdpfzpg9yxT6chJXWG7,0.619,0.667,G#,-7.602,major,0.197,0.0597,0.000948,0.14,0.501,180.001,184800,4,G# major
87,Fresh Finds: Poptronix,37i9dQZF1DX3u9TSHqpdJC,https://api.spotify.com/v1/playlists/37i9dQZF1DX3u9TSHqpdJC/tracks?offset=0&limit=100,30,MTUzNTQ4NjQyNywwMDAwMDA0NTAwMDAwMTY1ODIxZjdmYjEwMDAwMDE2MzFkYzZjZTM5,https://i.scdn.co/image/2e166acb0a40e127852eaeaab19cae67065070b8,influence,6jNxaFDfnjvLp1yJ0r77Ax,solis mist,influence,https://i.scdn.co/image/34f8f0c7fcf0540bf99d078ecb236ef13b9b6db9,2018-08-21 20:20:00,28,https://p.scdn.co/mp3-preview/6a31a4901c044b27d4ce62b1236637f789224369?cid=4779f4871cbc4c8fa6901a12c5b203ac,https://open.spotify.com/track/6jNxaFDfnjvLp1yJ0r77Ax,0.693,0.392,G#,-10.399,minor,0.0425,0.379,0.00711,0.1,0.249,130.017,236042,4,G# minor
88,Fresh Finds: Poptronix,37i9dQZF1DX3u9TSHqpdJC,https://api.spotify.com/v1/playlists/37i9dQZF1DX3u9TSHqpdJC/tracks?offset=0&limit=100,30,MTUzNTQ4NjQyNywwMDAwMDA0NTAwMDAwMTY1ODIxZjdmYjEwMDAwMDE2MzFkYzZjZTM5,https://i.scdn.co/image/2e166acb0a40e127852eaeaab19cae67065070b8,Paranoid,1MPuSQEcEA0csnwdPiheSE,Lux Holm,Paranoid,https://i.scdn.co/image/26caa29a73fbc9753c84431acfce48ecfe58bc1c,2018-08-21 20:20:00,52,https://p.scdn.co/mp3-preview/16468fb228da48cc2e109fa8d17047e53e3a838c?cid=4779f4871cbc4c8fa6901a12c5b203ac,https://open.spotify.com/track/1MPuSQEcEA0csnwdPiheSE,0.562,0.533,G#,-8.343,minor,0.0612,0.0898,2.29E-05,0.147,0.54,144.914,149072,4,G# minor
89,Fresh Finds: Poptronix,37i9dQZF1DX3u9TSHqpdJC,https://api.spotify.com/v1/playlists/37i9dQZF1DX3u9TSHqpdJC/tracks?offset=0&limit=100,30,MTUzNTQ4NjQyNywwMDAwMDA0NTAwMDAwMTY1ODIxZjdmYjEwMDAwMDE2MzFkYzZjZTM5,https://i.scdn.co/image/2e166acb0a40e127852eaeaab19cae67065070b8,Fast as You Can,7fDsx20xBSB2BeWnxNUtPf,Joyeur,Fast as You Can,https://i.scdn.co/image/2ac5b82bbac7cce63fc8e444d5e7f0438d0b6925,2018-08-21 20:20:00,32,https://p.scdn.co/mp3-preview/a9b2f03d2ba5e45cb08f55c3a8b6643d50efbae1?cid=4779f4871cbc4c8fa6901a12c5b203ac,https://open.spotify.com/track/7fDsx20xBSB2BeWnxNUtPf,0.86,0.407,G,-15.422,major,0.251,0.148,0,0.114,0.691,110.029,197013,4,G major
90,Fresh Finds: Poptronix,37i9dQZF1DX3u9TSHqpdJC,https://api.spotify.com/v1/playlists/37i9dQZF1DX3u9TSHqpdJC/tracks?offset=0&limit=100,30,MTUzNTQ4NjQyNywwMDAwMDA0NTAwMDAwMTY1ODIxZjdmYjEwMDAwMDE2MzFkYzZjZTM5,https://i.scdn.co/image/2e166acb0a40e127852eaeaab19cae67065070b8,See You,5KrNzdxA1f138J8WgAAXLl,Rapta,See You,https://i.scdn.co/image/4a61d7dc4a4ff36ebac16b2a2cfecf2a2b1282cb,2018-08-21 20:20:00,41,https://p.scdn.co/mp3-preview/3810a121facaefb7c8a3ae14367a58fdba36ea21?cid=4779f4871cbc4c8fa6901a12c5b203ac,https://open.spotify.com/track/5KrNzdxA1f138J8WgAAXLl,0.843,0.459,B,-8.972,minor,0.351,0.0425,0,0.0685,0.675,90.039,216735,4,B minor
91,Fresh Finds: Poptronix,37i9dQZF1DX3u9TSHqpdJC,https://api.spotify.com/v1/playlists/37i9dQZF1DX3u9TSHqpdJC/tracks?offset=0&limit=100,30,MTUzNTQ4NjQyNywwMDAwMDA0NTAwMDAwMTY1ODIxZjdmYjEwMDAwMDE2MzFkYzZjZTM5,https://i.scdn.co/image/2e166acb0a40e127852eaeaab19cae67065070b8,boxset.girlfriend,1fHvhuOZFc8JO13pe9beqC,lost spaces,boxset.girlfriend,https://i.scdn.co/image/873cf137c321d2648f2d6be87fd8bac74532bc6f,2018-08-21 20:20:00,48,https://p.scdn.co/mp3-preview/abfbbcba61bd866a279c3f5436f3ff7b94811dd0?cid=4779f4871cbc4c8fa6901a12c5b203ac,https://open.spotify.com/track/1fHvhuOZFc8JO13pe9beqC,0.763,0.554,B,-11.158,major,0.0575,0.238,0.000322,0.493,0.475,119.884,213500,4,B major
92,Fresh Finds: Poptronix,37i9dQZF1DX3u9TSHqpdJC,https://api.spotify.com/v1/playlists/37i9dQZF1DX3u9TSHqpdJC/tracks?offset=0&limit=100,30,MTUzNTQ4NjQyNywwMDAwMDA0NTAwMDAwMTY1ODIxZjdmYjEwMDAwMDE2MzFkYzZjZTM5,https://i.scdn.co/image/2e166acb0a40e127852eaeaab19cae67065070b8,Alone,2uHUSlvGzp3iaT8c55TP8h,Whereisalex,Alone,https://i.scdn.co/image/800dd6ba1817f7509e62cade2a07c710128e32a0,2018-08-21 20:20:00,54,https://p.scdn.co/mp3-preview/f2389c16503f727085b38020230afd604cb43512?cid=4779f4871cbc4c8fa6901a12c5b203ac,https://open.spotify.com/track/2uHUSlvGzp3iaT8c55TP8h,0.681,0.559,C#,-6.736,minor,0.0371,0.164,0,0.386,0.11,120.021,216429,4,C# minor
93,Fresh Finds: Poptronix,37i9dQZF1DX3u9TSHqpdJC,https://api.spotify.com/v1/playlists/37i9dQZF1DX3u9TSHqpdJC/tracks?offset=0&limit=100,30,MTUzNTQ4NjQyNywwMDAwMDA0NTAwMDAwMTY1ODIxZjdmYjEwMDAwMDE2MzFkYzZjZTM5,https://i.scdn.co/image/2e166acb0a40e127852eaeaab19cae67065070b8,Wildest Dreams,3dMqTuxDrn8r5lvmdCsCpB,Lynda,Wildest Dreams,https://i.scdn.co/image/1b4a053c3bd50aa03c90c42d0bf6cc8904e33b4e,2018-08-21 20:20:00,24,https://p.scdn.co/mp3-preview/693cb770e1416af6efa2acf5978d3ca2ec31add2?cid=4779f4871cbc4c8fa6901a12c5b203ac,https://open.spotify.com/track/3dMqTuxDrn8r5lvmdCsCpB,0.469,0.795,C,-6.407,major,0.0623,0.00445,3.84E-06,0.324,0.303,171.929,192393,4,C major
94,Fresh Finds: Poptronix,37i9dQZF1DX3u9TSHqpdJC,https://api.spotify.com/v1/playlists/37i9dQZF1DX3u9TSHqpdJC/tracks?offset=0&limit=100,30,MTUzNTQ4NjQyNywwMDAwMDA0NTAwMDAwMTY1ODIxZjdmYjEwMDAwMDE2MzFkYzZjZTM5,https://i.scdn.co/image/2e166acb0a40e127852eaeaab19cae67065070b8,Ghost,34OSzBZAYd4IbZ2x4Op3qC,WUSA,Ghost,https://i.scdn.co/image/bca360705245a5bb7872da10311883d83edbf0a0,2018-08-15 04:01:00,43,https://p.scdn.co/mp3-preview/e720520e53e767eef97d1ce2b092bebbd60c8dc4?cid=4779f4871cbc4c8fa6901a12c5b203ac,https://open.spotify.com/track/34OSzBZAYd4IbZ2x4Op3qC,0.686,0.822,G,-4.822,minor,0.0625,0.279,0,0.103,0.929,100.002,196537,4,G minor
95,Fresh Finds: Poptronix,37i9dQZF1DX3u9TSHqpdJC,https://api.spotify.com/v1/playlists/37i9dQZF1DX3u9TSHqpdJC/tracks?offset=0&limit=100,30,MTUzNTQ4NjQyNywwMDAwMDA0NTAwMDAwMTY1ODIxZjdmYjEwMDAwMDE2MzFkYzZjZTM5,https://i.scdn.co/image/2e166acb0a40e127852eaeaab19cae67065070b8,Forgiveness,2hmvAQaRCV9uXS9zgOTdql,Cassette Tapes,Forgiveness,https://i.scdn.co/image/de9c628fd8b32a497bab95a0398e1e623fa24c65,2018-08-15 04:01:00,33,https://p.scdn.co/mp3-preview/13de606736a042c8125836bf65b4f82d3734d1e1?cid=4779f4871cbc4c8fa6901a12c5b203ac,https://open.spotify.com/track/2hmvAQaRCV9uXS9zgOTdql,0.735,0.576,A,-6.242,minor,0.125,0.264,2.95E-05,0.111,0.167,94.168,148085,4,A minor
96,Fresh Finds: Poptronix,37i9dQZF1DX3u9TSHqpdJC,https://api.spotify.com/v1/playlists/37i9dQZF1DX3u9TSHqpdJC/tracks?offset=0&limit=100,30,MTUzNTQ4NjQyNywwMDAwMDA0NTAwMDAwMTY1ODIxZjdmYjEwMDAwMDE2MzFkYzZjZTM5,https://i.scdn.co/image/2e166acb0a40e127852eaeaab19cae67065070b8,Settle Down,5q3dBWVdKleYPl8HMl2pRU,Fia Moon,Settle Down,https://i.scdn.co/image/d26a626d975fc2eaed9e28b8b885f26ac6a3a63e,2018-08-15 04:01:00,39,https://p.scdn.co/mp3-preview/d8fd9396244a8e02aff5116ba1e09563dd9fd55f?cid=4779f4871cbc4c8fa6901a12c5b203ac,https://open.spotify.com/track/5q3dBWVdKleYPl8HMl2pRU,0.533,0.758,C,-3.913,minor,0.0417,0.415,0,0.149,0.309,94.884,143503,4,C minor
97,Fresh Finds: Poptronix,37i9dQZF1DX3u9TSHqpdJC,https://api.spotify.com/v1/playlists/37i9dQZF1DX3u9TSHqpdJC/tracks?offset=0&limit=100,30,MTUzNTQ4NjQyNywwMDAwMDA0NTAwMDAwMTY1ODIxZjdmYjEwMDAwMDE2MzFkYzZjZTM5,https://i.scdn.co/image/2e166acb0a40e127852eaeaab19cae67065070b8,Drown,656sRwYGUOiuJHtL4c61gg,SILKIN,Drown,https://i.scdn.co/image/c07fc0471b7b7ee3d9812f3965adef6f60de5790,2018-08-15 04:01:00,31,https://p.scdn.co/mp3-preview/f474721c286e26f8ebfb459d776f2a746497858d?cid=4779f4871cbc4c8fa6901a12c5b203ac,https://open.spotify.com/track/656sRwYGUOiuJHtL4c61gg,0.637,0.488,A,-10.212,minor,0.0457,0.687,0,0.0466,0.366,130.05,225231,4,A minor
98,Fresh Finds: Poptronix,37i9dQZF1DX3u9TSHqpdJC,https://api.spotify.com/v1/playlists/37i9dQZF1DX3u9TSHqpdJC/tracks?offset=0&limit=100,30,MTUzNTQ4NjQyNywwMDAwMDA0NTAwMDAwMTY1ODIxZjdmYjEwMDAwMDE2MzFkYzZjZTM5,https://i.scdn.co/image/2e166acb0a40e127852eaeaab19cae67065070b8,Oh My!,2kbiYCR2keodYIrX2TOhTH,Naliya,Oh My!,https://i.scdn.co/image/4fe20287fa9c333a98f2651bb4255bd6ab07da91,2018-08-15 04:01:00,39,https://p.scdn.co/mp3-preview/f5b67686c13f6ec5efaab0d69b6a0ef9f41835b1?cid=4779f4871cbc4c8fa6901a12c5b203ac,https://open.spotify.com/track/2kbiYCR2keodYIrX2TOhTH,0.777,0.627,B,-8.128,minor,0.0567,0.0766,0.000481,0.134,0.29,114.025,236316,4,B minor
99,Fresh Finds: Poptronix,37i9dQZF1DX3u9TSHqpdJC,https://api.spotify.com/v1/playlists/37i9dQZF1DX3u9TSHqpdJC/tracks?offset=0&limit=100,30,MTUzNTQ4NjQyNywwMDAwMDA0NTAwMDAwMTY1ODIxZjdmYjEwMDAwMDE2MzFkYzZjZTM5,https://i.scdn.co/image/2e166acb0a40e127852eaeaab19cae67065070b8,Lonely,0u7JZm9ORerlZnnxxSdMwl,Hayleau,Lonely,https://i.scdn.co/image/56261af47536f9e4d85f42747e30f43c542c450d,2018-08-15 04:01:00,44,https://p.scdn.co/mp3-preview/3186ee1e18b7e5665075b1077ddaef5a51e63ad5?cid=4779f4871cbc4c8fa6901a12c5b203ac,https://open.spotify.com/track/0u7JZm9ORerlZnnxxSdMwl,0.67,0.709,G#,-3.921,minor,0.0406,0.0169,0.00063,0.0542,0.577,98.954,258739,4,G# minor
100,Fresh Finds: Poptronix,37i9dQZF1DX3u9TSHqpdJC,https://api.spotify.com/v1/playlists/37i9dQZF1DX3u9TSHqpdJC/tracks?offset=0&limit=100,30,MTUzNTQ4NjQyNywwMDAwMDA0NTAwMDAwMTY1ODIxZjdmYjEwMDAwMDE2MzFkYzZjZTM5,https://i.scdn.co/image/2e166acb0a40e127852eaeaab19cae67065070b8,I Don't,4bNyvVwtAZaudBVVWhvf8T,LX Mason,I Don't,https://i.scdn.co/image/e90c60097cb7226a2fb1ad6b84bccdb2e0147560,2018-08-15 04:01:00,33,https://p.scdn.co/mp3-preview/19c554e9335b749669826a0743c9810b504f510a?cid=4779f4871cbc4c8fa6901a12c5b203ac,https://open.spotify.com/track/4bNyvVwtAZaudBVVWhvf8T,0.601,0.425,F,-6.963,major,0.224,0.543,0,0.17,0.654,175.843,192955,4,F major
101,Fresh Finds: Poptronix,37i9dQZF1DX3u9TSHqpdJC,https://api.spotify.com/v1/playlists/37i9dQZF1DX3u9TSHqpdJC/tracks?offset=0&limit=100,30,MTUzNTQ4NjQyNywwMDAwMDA0NTAwMDAwMTY1ODIxZjdmYjEwMDAwMDE2MzFkYzZjZTM5,https://i.scdn.co/image/2e166acb0a40e127852eaeaab19cae67065070b8,up �til six (feat. knight),0ONE2c4rM0LrWzRKyf4Pjv,Ocean Pleasant,up �til six (feat. knight),https://i.scdn.co/image/74d2ca8ac0262423c18e06a4b469884953c77fe5,2018-08-15 04:01:00,36,https://p.scdn.co/mp3-preview/54fe45d2fa7e9f7c8efdd95e546034bad110229c?cid=4779f4871cbc4c8fa6901a12c5b203ac,https://open.spotify.com/track/0ONE2c4rM0LrWzRKyf4Pjv,0.853,0.735,F,-8.489,major,0.0731,0.619,0.00132,0.0919,0.553,111.989,210000,4,F major
102,Fresh Finds: Poptronix,37i9dQZF1DX3u9TSHqpdJC,https://api.spotify.com/v1/playlists/37i9dQZF1DX3u9TSHqpdJC/tracks?offset=0&limit=100,30,MTUzNTQ4NjQyNywwMDAwMDA0NTAwMDAwMTY1ODIxZjdmYjEwMDAwMDE2MzFkYzZjZTM5,https://i.scdn.co/image/2e166acb0a40e127852eaeaab19cae67065070b8,Sun Tzu,2reETuttlEUXYpJo2agcmC,Neenah,Sun Tzu,https://i.scdn.co/image/348c0e2b1d5d4d57a1ee545af874f9b1006687d4,2018-08-15 04:01:00,29,https://p.scdn.co/mp3-preview/2f07f75d1ebf61ce58c89396b6dcfcd5003bd517?cid=4779f4871cbc4c8fa6901a12c5b203ac,https://open.spotify.com/track/2reETuttlEUXYpJo2agcmC,0.731,0.6,G#,-9.251,major,0.0926,0.058,0.811,0.134,0.198,91.046,160427,4,G# major
103,Fresh Finds: Poptronix,37i9dQZF1DX3u9TSHqpdJC,https://api.spotify.com/v1/playlists/37i9dQZF1DX3u9TSHqpdJC/tracks?offset=0&limit=100,30,MTUzNTQ4NjQyNywwMDAwMDA0NTAwMDAwMTY1ODIxZjdmYjEwMDAwMDE2MzFkYzZjZTM5,https://i.scdn.co/image/2e166acb0a40e127852eaeaab19cae67065070b8,INWYW,2jtKAQRW9qXP8WMjwPeZFg,Mikeb�i,INWYW,https://i.scdn.co/image/7271c66d41ca9a582de82466a77a27c8de6c02ee,2018-08-15 04:01:00,29,https://p.scdn.co/mp3-preview/4b58e68781f5427239ad5214e6601e6aaf354fdc?cid=4779f4871cbc4c8fa6901a12c5b203ac,https://open.spotify.com/track/2jtKAQRW9qXP8WMjwPeZFg,0.494,0.493,C,-7.112,major,0.176,0.481,0.00455,0.113,0.219,117.924,252198,4,C major
104,Fresh Finds: Poptronix,37i9dQZF1DX3u9TSHqpdJC,https://api.spotify.com/v1/playlists/37i9dQZF1DX3u9TSHqpdJC/tracks?offset=0&limit=100,30,MTUzNTQ4NjQyNywwMDAwMDA0NTAwMDAwMTY1ODIxZjdmYjEwMDAwMDE2MzFkYzZjZTM5,https://i.scdn.co/image/2e166acb0a40e127852eaeaab19cae67065070b8,Long Trip,72mKIkUr5E2RagKiCrTX8c,NtrlTaste,Long Trip,https://i.scdn.co/image/ad4d20236864a8241f4a3ba4ad6dd7c83706be34,2018-08-15 04:01:00,24,https://p.scdn.co/mp3-preview/977ea9e9981f71b93cf33629e3b466d33d3baceb?cid=4779f4871cbc4c8fa6901a12c5b203ac,https://open.spotify.com/track/72mKIkUr5E2RagKiCrTX8c,0.805,0.746,F#,-7.175,major,0.0687,0.000768,0.176,0.0401,0.794,134.993,156500,4,F# major
105,Fresh Finds: Poptronix,37i9dQZF1DX3u9TSHqpdJC,https://api.spotify.com/v1/playlists/37i9dQZF1DX3u9TSHqpdJC/tracks?offset=0&limit=100,30,MTUzNTQ4NjQyNywwMDAwMDA0NTAwMDAwMTY1ODIxZjdmYjEwMDAwMDE2MzFkYzZjZTM5,https://i.scdn.co/image/2e166acb0a40e127852eaeaab19cae67065070b8,See This,3LBDyaYQESkGQKdVhWUYJj,Wavy Skyy,See This,https://i.scdn.co/image/f4eb64e59f31e4f409d620e4667379a6577cbf9b,2018-08-15 04:01:00,23,https://p.scdn.co/mp3-preview/1f3a4e46ffec9b2376627a4ea332a9fe042b721d?cid=4779f4871cbc4c8fa6901a12c5b203ac,https://open.spotify.com/track/3LBDyaYQESkGQKdVhWUYJj,0.585,0.742,A,-4.463,minor,0.0352,0.00652,6.56E-05,0.137,0.254,129.983,240040,4,A minor
